update,environment_steps,mean_episode_return,all_hit_rate,all_sync_rate,mean_sync_spread_s,trust_mean,trust_std,guided_action_fraction,policy_loss,value_loss,entropy,approx_kl,actor_lr,wall_time_s
1,6000,160646377.30859375,0.0,0.0,0.06354166666666305,0.7709868888891206,0.02027369181597959,0.19953333333333334,-0.006994296691846103,1.0394257128238678,2.751154029369354,0.003042772421281553,0.000299991802820144,32.811140060424805
2,12000,165790416.32226562,0.0,0.0,0.03958333333333108,0.7448396178831214,0.03859167616355418,0.22855,-0.00805067667097319,0.5644204817712307,2.7382572531700133,0.005470869880467655,0.00029996721217948936,65.10309386253357
3,18000,164039347.70898438,0.0,0.0,0.046874999999997335,0.7212416280888814,0.055010056657618704,0.2546333333333333,-0.009242379339411855,0.09729619193822145,2.7250644326210023,0.006319204505835651,0.0002999262307746768,97.07114791870117
4,24000,164105601.6015625,0.0,0.0,0.02395833333333197,0.70032028986983,0.06976081139389259,0.2764083333333333,-0.00831683618016541,0.043460086081177,2.710735523700714,0.009446954483799619,0.00029986886309977926,128.63216590881348
5,30000,162686939.796875,0.0,0.0,0.03937499999999776,0.6812367707238001,0.08312502159905047,0.30086666666666667,-0.008531068985757884,0.03189078122377396,2.698607611656189,0.011408993015633894,0.00029979511544580873,160.34463024139404
6,36000,162820553.12695312,0.0,0.0,0.07812499999999556,0.6641389406790195,0.09500294410372599,0.3194166666666667,-0.008288119055214338,0.02842007828876376,2.688282477855682,0.016663988606532416,0.00029970499590002654,192.1157546043396
7,42000,160613507.16601562,0.0,0.0,0.0562499999999968,0.6486419125672984,0.1057064283466606,0.33645,-0.011193839786574244,0.023969940142706037,2.678032469749451,0.016144939475456876,0.0002995985143450564,224.5280261039734
8,48000,162155741.9296875,0.0,0.0,0.04624999999999737,0.6348680508030203,0.11540145554742742,0.35234166666666666,-0.012389391532633454,0.01920241881161928,2.6646482944488525,0.021155907647299264,0.00029947568245780083,255.6454155445099
9,54000,163012042.74023438,0.0,0.0,0.021874999999998757,0.622222059537606,0.12421565411005925,0.3653166666666667,-0.010422544766333886,0.016488041123375298,2.650134289264679,0.022655280041024083,0.00029933651370816036,287.61759757995605
10,60000,158694152.578125,0.0,0.0,0.04374999999999751,0.6109528082396889,0.13213540157231252,0.3772583333333333,-0.009739080292638392,0.01984534109942615,2.637624502182007,0.0258902801511266,0.00029918102335755675,319.03822898864746
11,66000,160773507.63867188,0.0,0.0,0.05895833333332998,0.6007100396267221,0.1392675028397293,0.3902583333333333,-0.008906243134697433,0.016885719355195762,2.6233495593070986,0.02900128570958972,0.00029900922845725917,351.5360038280487
12,72000,159008826.91796875,0.0,0.0,0.052499999999997014,0.5918840036585424,0.14551065147705247,0.39805833333333335,-0.01037851718137972,0.017406313214451075,2.607982814311981,0.02835727365480114,0.0002988211478465144,382.813063621521
13,78000,162607503.54296875,0.0,0.0,0.021874999999998757,0.5837879194498903,0.15121702896096584,0.40799166666666664,-0.011094128276454285,0.014301205985248089,2.593749535083771,0.025574177120917786,0.0002986168021504807,414.53096437454224
14,84000,162897772.2734375,0.0,0.0,0.014791666666665825,0.5763562305911831,0.15643314095358227,0.41629166666666667,-0.011715354078478412,0.014570790389552713,2.582402062416077,0.029723760625223326,0.00029839621377796666,447.25059843063354
15,90000,163363988.07226562,0.0,0.0,0.021874999999998757,0.5697746241863892,0.16111572482609085,0.424525,-0.010675789776723833,0.013892435235902667,2.569655656814575,0.03623196182032427,0.000298159406918973,479.3379590511322
16,96000,160871036.43945312,0.0,0.0,0.04124999999999766,0.5636775869478297,0.1652684137799218,0.4314,-0.010589502213406377,0.01614294503815472,2.5559700965881347,0.020181744314674253,0.0002979064075420404,512.6313796043396
17,102000,162053699.35742188,0.0,0.0,0.019999999999998866,0.558367924187366,0.16906438216726394,0.4346833333333333,-0.01121412420179695,0.01513569736853242,2.5393057107925414,0.021779296743993946,0.0002976372433914015,544.9943211078644
18,108000,161305181.53515625,0.0,0.0,0.04374999999999751,0.5533782893823938,0.1724914243341484,0.44045833333333334,-0.009987649763934315,0.015544893685728312,2.524735355377197,0.011385345699181749,0.0002973519439839389,576.9364717006683
19,114000,161302557.78515625,0.0,0.0,0.07812499999999556,0.5491404127117738,0.1754848811523875,0.44795833333333335,-0.011779585486510768,0.01536112017929554,2.5115643978118896,0.02091194481966401,0.0002970505406059473,609.5295050144196
20,120000,159117437.20898438,0.0,0.0,1.272499999999928,0.5451803809656781,0.17826062980729415,0.45221666666666666,-0.011759328772313893,0.01754865306429565,2.49653844833374,0.002147710984361684,0.0002967330663097038,641.2202055454254
21,126000,161006210.83007812,0.0,0.0,0.02770833333333176,0.541619417096733,0.18075495574540493,0.4563,-0.011139693165023345,0.0162083572242409,2.482151436805725,0.017071378296869805,0.0002963995559098426,671.8757636547089
22,132000,160109503.09765625,0.0,0.0,0.04395833333333084,0.5385953353353425,0.1828425138241695,0.459125,-0.011155650595901534,0.01618287432938814,2.4698446393013,0.0207980485715872,0.00029605004597953736,703.5594668388367
23,138000,160609799.046875,0.0,0.0,0.04124999999999766,0.5356512003346696,0.18495397183783074,0.4634083333333333,-0.01108953069197014,0.016590482136234642,2.4568437814712523,0.017214429079087747,0.0002956845748464905,735.7629120349884
24,144000,161574034.18945312,0.0,0.0,0.03895833333333112,0.5330815851357039,0.18670069919312896,0.46679166666666666,-0.012413114897208288,0.01572885075584054,2.4433009743690492,0.005323323402035385,0.0002953031825887303,767.0762846469879
25,150000,161123160.06835938,0.0,0.0,0.025833333333331866,0.5306274378413066,0.18835459201142088,0.46684166666666665,-0.011363205924862996,0.015591986291110516,2.432506334781647,0.016744873396052663,0.0002949059110302156,798.4462502002716
26,156000,163398695.1015625,0.0,0.0,0.030208333333331616,0.5284259036235082,0.1898403850532616,0.4701666666666667,-0.013149262429215014,0.013450004206970335,2.4235542893409727,0.0171414082916888,0.0002944928037362498,830.58265209198
27,162000,164563769.234375,0.0,0.0,0.0562499999999968,0.5265564179448055,0.19116694429077452,0.47118333333333334,-0.013889375017606653,0.013283011456951498,2.418083381652832,0.03264840416174382,0.0002940639060087029,862.4104242324829
28,168000,164464404.30859375,0.0,0.0,0.04999999999999716,0.5248076274607283,0.19229394286800364,0.472175,-0.01170047497143969,0.013760511670261622,2.4110804438591003,0.008996586176514044,0.000293619264881044,894.9842064380646
29,174000,163350763.19140625,0.0,0.0,0.03333333333333144,0.5233416372441058,0.1933017428977504,0.4751,-0.01124388690222986,0.013369991118088365,2.4034816145896913,0.026651203201821395,0.0002931589291131833,926.9668965339661
30,180000,163484788.08007812,0.0,0.0,0.031249999999998224,0.5219161327598119,0.19421952532816794,0.4772666666666667,-0.011585107067367062,0.013756495993584394,2.3952582597732546,0.007624893241135089,0.0002926829491861254,960.9562470912933
31,186000,165581959.58007812,0.0,0.0,0.05729166666666341,0.5208820086987179,0.19495608462598232,0.47935833333333333,-0.01237462570425123,0.013714527245610952,2.386995804309845,0.013960640558699744,0.000292191377296433,993.0031464099884
32,192000,165634207.22265625,0.0,0.0,0.038541666666664476,0.5198019126636373,0.19570742426439022,0.4795916666666667,-0.014182672474998981,0.016046180576086044,2.378458869457245,0.002447953123001767,0.00029168426735050334,1024.7671854496002
33,198000,164876588.9453125,0.0,0.0,3.016666666666496,0.5187243895633825,0.19639383116770387,0.48205,-0.011122678163519594,0.01685144752264023,2.3673035979270933,0.017677632793181887,0.00029116167495865663,1057.3013932704926
34,204000,164076654.42382812,0.0,0.0,1.787499999999899,0.5177606118828205,0.19703062954956788,0.48134166666666667,-0.013190553896129132,0.016478648642078042,2.3581947803497316,0.00888385206179385,0.0002906236574290377,1089.2046852111816
35,210000,165590979.12695312,0.0,0.0,0.0591666666666633,0.5169283306469941,0.19752056472052473,0.4839833333333333,-0.012778299883939326,0.016039212280884386,2.3471290707588195,0.023295917032038104,0.00029007027376133155,1121.6851024627686
36,216000,167365250.671875,0.0,0.0,0.059374999999996625,0.5160128933044886,0.19831915994554025,0.4814333333333333,-0.011531800954253412,0.014376554125919937,2.3395328879356385,0.018434027540258448,0.0002895015846402935,1152.1712477207184
37,222000,171202251.20898438,0.0,0.0,0.02499999999999858,0.5152348816389807,0.1987618649428815,0.48565833333333336,-0.011267119587864726,0.011410249047912657,2.332210457324982,0.006221554634904791,0.0002889176524290942,1184.6792061328888
38,228000,165090428.50976562,0.0,0.0,0.10833333333332718,0.5147835672068709,0.19927447297875406,0.48615833333333336,-0.014473277295473963,0.016039386205375195,2.3266424536705017,-0.054884437663430964,0.0002883185411624808,1216.358559370041
39,234000,165529760.17773438,0.0,0.0,0.04583333333333073,0.5143029815859228,0.1996737649595066,0.48478333333333334,-0.013795760727953165,0.015259875217452645,2.3191424369812013,-0.015288958902793626,0.00028770431653975514,1248.23033452034
40,240000,165900868.91796875,0.0,0.0,2.0489583333332173,0.5136968547484139,0.2001528647577289,0.484675,-0.01286088551278226,0.015146492561325432,2.3081937551498415,0.012238206571304833,0.00028707504591756876,1280.2336683273315
41,246000,165892030.86914062,0.0,0.0,0.02916666666666501,0.5133720265741576,0.20035655804290406,0.485,-0.013584146040375344,0.017681402899324895,2.3001662135124206,-0.03282712869773317,0.0002864307983025367,1311.5747709274292
42,252000,164005178.265625,0.0,0.0,0.02124999999999879,0.5129358530975596,0.20062274677153494,0.4865,-0.013970814581261948,0.01993666049093008,2.292388653755188,-0.017377329110819774,0.0002857716443436699,1345.2042398452759
43,258000,164237907.4921875,0.0,0.0,0.04374999999999751,0.512652007159271,0.2008528222630146,0.487675,-0.015741688758134843,0.018414846248924734,2.285977375507355,0.011227490664469065,0.0002850976563246279,1378.110512971878
44,264000,163849369.91601562,0.0,0.0,0.03562499999999798,0.5124676956817772,0.20111343570509607,0.48935833333333334,-0.016137185227125882,0.018639197666198017,2.275694525241852,-0.0001439210511278377,0.00028440890815579215,1411.047292470932
45,270000,162800051.83203125,0.0,0.0,0.031249999999998224,0.5122650144691024,0.20121397578923905,0.48825,-0.015170760597402477,0.019266376830637456,2.26688038110733,0.005572997109277255,0.0002837054753661609,1442.6568291187286
46,276000,163750248.546875,0.0,0.0,0.04062499999999769,0.5120830748619475,0.2014980419297395,0.48794166666666666,-0.01570240759756416,0.01853579329326749,2.2592535257339477,0.007626606763930366,0.0002829874350950665,1474.6497468948364
47,282000,163648717.23828125,0.0,0.0,0.0281249999999984,0.5122330301846862,0.2015225553348743,0.4892166666666667,-0.01525708777771797,0.017632135562598704,2.253806698322296,0.0264386287777933,0.0002822548660837162,1506.6264781951904
48,288000,163955719.34570312,0.0,0.0,0.034374999999998046,0.5121386881201344,0.20157237688431087,0.48861666666666664,-0.015861138369655237,0.017426137626171113,2.2460367321968078,0.011075065175220366,0.0002815078486665575,1538.8667767047882
49,294000,164448713.11914062,0.0,0.0,0.03645833333333126,0.5120494037161195,0.20161758579919625,0.4873166666666667,-0.01209260276518762,0.01634532711468637,2.239895284175873,0.050200804743270135,0.00028074646476246827,1570.2892563343048
50,300000,164482451.1875,0.0,0.0,0.053749999999996946,0.5119630922624174,0.20166132942478626,0.4887166666666667,-0.015407917718403042,0.01831350908614695,2.235955512523651,0.008443730756298784,0.0002799707978657735,1601.4565720558167
51,306000,169101055.64257812,0.0,0.0,0.02499999999999858,0.511740507196813,0.2017844037921314,0.487825,-0.0112188805709593,0.015023838495835662,2.2335458397865295,0.02418902298354837,0.0002791809330370895,1633.4405550956726
52,312000,173782097.41015625,0.0,0.0,0.02499999999999858,0.511443976714157,0.20191768855803102,0.4893166666666667,-0.013732953707221895,0.012794158980250358,2.232268190383911,-0.021948956966667144,0.0002783769568939957,1665.4861369132996
53,318000,167096809.68945312,0.0,0.0,0.06874999999999609,0.5113135365610643,0.20194601483616645,0.4895333333333333,-0.014568479347508401,0.015654663601890207,2.232621741294861,-0.011151318484817985,0.0002775589576015361,1698.0530364513397
54,324000,177535015.0625,0.0,0.0,0.03749999999999787,0.5111019794937837,0.20199113728049872,0.4846916666666667,-0.01893521541496739,0.005576459225267172,2.2320889115333555,0.025998724496463944,0.0002767270248625512,1730.7778882980347
55,330000,172600004.48632812,0.0,0.0,1.8708333333332277,0.5108153950674623,0.20208365867848926,0.487775,-0.016908729227725416,0.015045079728588462,2.2319907903671266,-0.21878968760167558,0.00027588124990784085,1764.8757998943329
56,336000,161668753.73632812,0.0,0.0,0.05562499999999684,0.510756585435759,0.20229495954634694,0.49198333333333333,-0.011888569605071097,0.021706647425889968,2.229133927822113,0.01800380295173576,0.00027502172548615983,1797.78937458992
57,342000,161376084.8984375,0.0,0.0,0.05958333333332994,0.5108818327991649,0.2023248490939559,0.489625,-0.014126228305394761,0.022023832984268667,2.2217056274414064,0.00035375699485342695,0.0002741485458540469,1829.9277174472809
58,348000,160652890.12890625,0.0,0.0,0.06249999999999645,0.5108114707754211,0.20229633535291341,0.490675,-0.011748519240063615,0.020171635132282973,2.2136836528778074,0.030025150876622674,0.0002732618067654887,1862.0319838523865
59,354000,160137825.52734375,0.0,0.0,0.04437499999999748,0.5108182117356094,0.20233403385082852,0.48980833333333335,-0.0134420798975043,0.019976790715008973,2.2056100130081178,-0.003368879790172574,0.00027236160546141873,1893.197186946869
60,360000,162828646.25195312,0.0,0.0,0.0387499999999978,0.5107240410746909,0.20241693366020475,0.48933333333333334,-0.011708609753986821,0.018705385038629174,2.2000871300697327,0.020957439207242246,0.00027144804065905455,1925.921234369278
61,366000,163785393.12304688,0.0,0.0,0.0368749999999979,0.5104343831842434,0.2023269394169435,0.48739166666666667,-0.014681369083700702,0.017364764213562013,2.1956414222717284,0.005394584185390272,0.0002705212125410715,1957.1807317733765
62,372000,164019802.0546875,0.0,0.0,0.034374999999998046,0.510415973998134,0.20233276386033822,0.490175,-0.013643928119563498,0.017346408870071172,2.1938825726509092,0.02340908065961056,0.0002695812227446172,1990.3338150978088
63,378000,164418721.30078125,0.0,0.0,0.038541666666664476,0.5103343539088714,0.20229629445306543,0.48944166666666666,-0.01286667623789981,0.017893356364220382,2.190225434303284,0.017785403497082485,0.0002686281743501655,2021.784262418747
64,384000,164331971.4921875,0.0,0.0,0.04374999999999751,0.5101955131526855,0.20219636541937752,0.4880083333333333,-0.013880193780642003,0.018446346186101435,2.1875880360603333,-0.009563452247412263,0.0002676621718702129,2053.078003168106
65,390000,172301608.66210938,0.0,0.0,0.05416666666666359,0.5099344244070285,0.20242381393681347,0.4895833333333333,-0.012433848157525063,0.014011730579659343,2.1862197160720824,0.030062588636490205,0.000266683321237817,2083.9282450675964
66,396000,174998531.12109375,0.0,0.0,0.034374999999998046,0.5099125289428248,0.2023390665325299,0.48843333333333333,-0.012960553669836372,0.012096378160640598,2.186196672916412,0.012415512049651389,0.00026569172979498034,2116.7488691806793
67,402000,176174331.56054688,0.0,0.0,0.06874999999999609,0.5096138268808724,0.2026427673424476,0.4900833333333333,-0.014686316391453147,0.009445725101977586,2.1834540128707887,-0.04194587532462553,0.00026468750628087887,2148.997504711151
68,408000,164091307.3984375,0.0,0.0,0.02499999999999858,0.5094933813192061,0.20283476238201553,0.48856666666666665,-0.010924344207160175,0.017748115304857492,2.1802343845367433,-0.06891109740411246,0.0002636707608199374,2181.4159870147705
69,414000,165667898.86523438,0.0,0.0,0.027083333333331794,0.5098475032642799,0.20267328450412458,0.490725,-0.010142770456150174,0.015196234639734029,2.175905978679657,0.0016855554974141373,0.0002626416049097535,2214.904324054718
70,420000,163785826.95703125,0.0,0.0,0.04374999999999751,0.510043602443973,0.20274652630561402,0.4884833333333333,-0.012615762674249709,0.01846463643014431,2.172629737854004,0.021750676906447237,0.00026160015140887027,2247.308739423752
71,426000,161825557.54492188,0.0,0.0,0.028749999999998367,0.510075105196414,0.20268021717167134,0.48846666666666666,-0.013885907689109444,0.021135024912655353,2.1687244296073915,0.007339991209787922,0.0002605465145244001,2280.205973625183
72,432000,161344097.0859375,0.0,0.0,0.0368749999999979,0.5101338374378787,0.20275699627802612,0.4900833333333333,-0.014025955359102227,0.02050187042914331,2.1657143235206604,0.013898547437942277,0.00025948080979950087,2312.2149407863617
73,438000,161873782.16015625,0.0,0.0,0.06187499999999649,0.5101197960286104,0.20275216080252018,0.48923333333333335,-0.012443459135829471,0.020361566683277488,2.1603268146514893,0.026471552106371733,0.000258403154100705,2344.006392478943
74,444000,162141582.41210938,0.0,0.0,0.04062499999999769,0.5100378516818588,0.20288374055432665,0.48791666666666667,-0.011876985567505471,0.019169656140729786,2.154421854019165,0.024105296583586976,0.000257313665605104,2373.8473522663116
75,450000,162931418.9140625,0.0,0.0,0.04062499999999769,0.5098968041724247,0.20293910043507876,0.4896083333333333,-0.01255950253107585,0.018704250594601034,2.149961471557617,0.025074013357479073,0.0002562124637873887,2405.308853149414
76,456000,163218706.57421875,0.0,0.0,0.02499999999999858,0.5100698814032316,0.2026063090974211,0.490325,-0.011605343886185438,0.01807699571363628,2.147562265396118,-0.03191962131801844,0.00025509966940674803,2437.2902088165283
77,462000,163358240.22851562,0.0,0.0,0.02499999999999858,0.5102731829779112,0.20240542974567355,0.48794166666666666,-0.013351399789098651,0.018440814642235636,2.1415475368499757,0.022653382903970787,0.0002539754044936257,2468.754065513611
78,468000,163224273.41992188,0.0,0.0,0.04020833333333105,0.5104441341186968,0.20223693298708112,0.49028333333333335,-0.013747365014569368,0.01925413650460541,2.137569046020508,0.020151551344729946,0.00025283979233633883,2500.5715057849884
79,474000,162282514.53320312,0.0,0.0,0.03624999999999794,0.5105862301505192,0.20209579192054478,0.48956666666666665,-0.012538598442915827,0.01868443228304386,2.135931921005249,0.0141894606625538,0.00025169295746755763,2530.0714960098267
80,480000,162177231.88867188,0.0,0.0,0.0416666666666643,0.5110226888596621,0.2013459432226707,0.4903416666666667,-0.013122015964472666,0.019098912924528123,2.1340022921562194,0.02103335459219602,0.00025053502565064917,2562.766389608383
81,486000,161494465.10546875,0.0,0.0,0.07291666666666252,0.5107792924638213,0.2017019418057194,0.48751666666666665,-0.012545827555004507,0.018446723651140928,2.133467423915863,0.03411793969139474,0.0002493661238658858,2595.505286693573
82,492000,161094354.65234375,0.0,0.0,0.06666666666666288,0.5107102866838702,0.2019306810119466,0.4871666666666667,-0.013022870023269207,0.018875000858679415,2.1298588275909425,-0.010126936522144803,0.00024818638029652063,2631.1453387737274
83,498000,161454930.73242188,0.0,0.0,0.059374999999996625,0.5106891945496477,0.20185306086826216,0.487775,-0.010252708394546062,0.018367209006100893,2.127129924297333,0.014174111288922476,0.00024699592431473046,2664.3649985790253
84,504000,160394119.79296875,0.0,0.0,0.7512499999999577,0.5105899042814771,0.20193869297894837,0.48820833333333336,-0.007614239293616265,0.020036958903074265,2.123093771934509,-7.318464481969045e-05,0.00024579488646742895,2697.274789571762
85,510000,160031190.26171875,0.0,0.0,0.07937499999999549,0.510570302707924,0.20208103724509796,0.4897,-0.011633253644686193,0.018318429263308643,2.119356155395508,0.024207263091169294,0.0002445833984619505,2730.0889959335327
86,516000,159573404.42578125,0.0,0.0,0.03499999999999801,0.5105524444376989,0.20220443237707972,0.48904166666666665,-0.01112935490673408,0.018382506305351855,2.1140978217124937,0.024598726800891237,0.0002433615931516072,2762.9744911193848
87,522000,161577368.84570312,0.0,0.0,0.03999999999999773,0.5106405257588833,0.20230495517789504,0.4886583333333333,-0.011539443052606657,0.017091178707778452,2.111654782295227,0.028749994136703448,0.00024212960452111977,2796.8637220859528
88,528000,162541233.6796875,0.0,0.0,0.025833333333331866,0.5106468579432403,0.20232471420191175,0.4892166666666667,-0.012214142922312021,0.017389085283502935,2.108910858631134,0.027053750279856282,0.00024088756767192483,2829.8359117507935
89,534000,162966805.60351562,0.0,0.0,0.034374999999998046,0.5105088524321827,0.20242118207041818,0.488925,-0.009636274300282821,0.017501659877598285,2.1049844145774843,0.023271998671240485,0.00023963561880735934,2865.2509710788727
90,540000,160166222.15625,0.0,0.0,0.05312499999999698,0.510461908115656,0.20235834056617502,0.48885833333333334,-0.0104710921557853,0.019556509144604207,2.103210210800171,-0.022403343318887093,0.0002383738952177245,2897.8923828601837
91,546000,160162168.40429688,0.0,0.0,0.08416666666666188,0.5103512696226005,0.20223899835796227,0.48795,-0.01272783474996686,0.01943060723133385,2.100125563144684,0.020653819549158216,0.00023710253526523025,2931.0592086315155
92,552000,160032505.37109375,0.0,0.0,0.08374999999999524,0.5103546389339759,0.20213555576764514,0.49194166666666667,-0.012192772445268929,0.019082728400826456,2.0969136714935304,0.020195757268406566,0.00023582167836882234,2966.3302714824677
93,558000,161541051.03125,0.0,0.0,0.053749999999996946,0.5103827660561369,0.20219370644113777,0.49139166666666667,-0.012910458091937471,0.017005243338644505,2.093768811225891,0.019337510316260166,0.00023453146498889332,2999.5559694767
94,564000,160514496.30078125,0.0,0.0,0.038124999999997834,0.5105140652815278,0.20202967942871952,0.4896916666666667,-0.011740551772527396,0.018052675295621157,2.085679352283478,0.026991050241216997,0.0002332320366118797,3032.9245431423187
95,570000,163289858.52929688,0.0,0.0,0.033124999999998114,0.5104791517383399,0.20197583602970962,0.4929,-0.01198352786450414,0.016598412487655877,2.0803754210472105,0.018073272221665704,0.0002319235357347463,3065.961357355118
96,576000,162635259.28320312,0.0,0.0,0.023124999999998685,0.5103354386934814,0.20215040390167321,0.49135833333333334,-0.010292906651739032,0.017303172452375292,2.074854815006256,0.020382281235294997,0.00023060610584935972,3099.613567352295
97,582000,161860410.99414062,0.0,0.0,0.02499999999999858,0.51006998829279,0.20238133062021238,0.48966666666666664,-0.012195246573537589,0.01753543163649738,2.070661997795105,0.020487569762859526,0.00022927989142675306,3133.8368418216705
98,588000,161459773.85742188,0.0,0.0,0.034374999999998046,0.5099564950174845,0.20275282491811283,0.49095,-0.010541312102577648,0.018459898931905628,2.0692166090011597,0.01403023033759876,0.00022794503790128274,3167.447706222534
99,594000,156871059.73046875,0.0,0.0,1.6057142857141948,0.509894523760732,0.2030061138190291,0.4901333333333333,-0.01115046401100699,0.02049862127751112,2.0647409439086912,0.016421753296398868,0.00022660169165468027,3201.2601401805878
100,600000,160125396.40234375,0.0,0.0,0.05312499999999698,0.5096745813072168,0.20316045672418248,0.491125,-0.012165611260570586,0.01919764718040824,2.0603806018829345,0.021167463150611177,0.00022524999999999976,3235.263507127762
101,606000,162254138.97070312,0.0,0.0,0.04062499999999769,0.5096272458484107,0.20301613972647506,0.4898,-0.013457537541398779,0.016566292522475122,2.0555667996406557,0.024836498761028048,0.0002238901111654633,33.796027183532715
102,612000,161790915.12304688,0.0,0.0,0.04937499999999719,0.5098013974483449,0.20306263761999188,0.49105,-0.014709297858644277,0.018006117641925813,2.0513526082038878,0.013971412841662145,0.0002225221742782062,67.3259003162384
103,618000,161831002.99804688,0.0,0.0,0.04062499999999769,0.5098861611389544,0.2030360192113096,0.4903166666666667,-0.01105756646138616,0.017373235849663615,2.0481010556221007,0.021140448603555483,0.00022114633934792335,100.96845173835754
104,624000,163608859.98242188,0.0,0.0,0.031249999999998224,0.5099894301536569,0.2031526676401592,0.4898416666666667,-0.0099656886595767,0.015954957436770202,2.0447576999664308,0.021014752373198674,0.0002197627572504191,135.04359197616577
105,630000,162680090.8125,0.0,0.0,0.08229166666666199,0.5101533791427505,0.20290423141629613,0.49016666666666664,-0.010921589803183451,0.016665809880942108,2.0436069488525392,0.007085677332396223,0.000218371579711062,168.26697421073914
106,636000,163048557.09179688,0.0,0.0,0.1249999999999929,0.5102861128884711,0.20290022072139513,0.48936666666666667,-0.011860838893335312,0.01660686219111085,2.0428630828857424,0.014937482690140603,0.0002169729592881464,203.57308626174927
107,642000,161920211.14648438,0.0,0.0,0.02499999999999858,0.5101574509106747,0.20297685111921274,0.491,-0.011723046947736293,0.017441559629514814,2.0428600668907166,0.02592017649736249,0.00021556704935616274,237.01110577583313
108,648000,161201277.6328125,0.0,0.0,0.04104166666666433,0.5101883963685572,0.20296212796964513,0.49128333333333335,-0.009444677992723883,0.018023003777489065,2.0415359497070313,0.007205624974060321,0.00021415400408897814,269.9923903942108
109,654000,161329479.109375,0.0,0.0,0.038124999999997834,0.5102528184861045,0.20287215130373187,0.48791666666666667,-0.012754030711948871,0.018317567370831966,2.039743113517761,0.01979743853262317,0.00021273397844292976,302.7573928833008
110,660000,159814900.77929688,0.0,0.0,0.033958333333331404,0.5100966555081463,0.20281024169471676,0.48920833333333336,-0.013213842996628955,0.018626298289746046,2.0365783333778382,0.02415387293195046,0.00021130712813983188,335.77200746536255
111,666000,161398775.66601562,0.0,0.0,0.037767857142854994,0.5100669677457463,0.20274953513913496,0.4877416666666667,-0.011174536979524419,0.01839383402839303,2.0342303991317747,0.023491674808723318,0.00020987360964989945,369.7340133190155
112,672000,162548239.23632812,0.0,0.0,0.04187499999999762,0.5103984319288499,0.2023892723061296,0.4897916666666667,-0.01083044284459902,0.016529240738600494,2.033322262763977,0.021939669111628746,0.00020843358017458915,403.7825584411621
113,678000,160115701.16601562,0.0,0.0,0.9143749999999484,0.5104607580533607,0.20230928629514025,0.48911666666666664,0.00039386207790812475,0.018913145735859872,2.030662250518799,0.01797790410275262,0.0002069871976293606,440.2212793827057
114,684000,163778851.08203125,0.0,0.0,0.0416666666666643,0.5101921881759761,0.20267700843719325,0.49064166666666664,-0.013247927039628848,0.017141611501574516,2.0290935039520264,0.00903830662199141,0.00020553462062635914,473.01259660720825
115,690000,164182325.11914062,0.0,0.0,0.02937499999999833,0.5100725002648095,0.20277786959686395,0.49280833333333335,-0.011804793099872767,0.015639794804155827,2.025786805152893,0.028794352307838268,0.0002040760084570221,507.6246135234833
116,696000,163449010.49804688,0.0,0.0,0.038124999999997834,0.5099397408520712,0.20272431608404054,0.491,-0.007828497211448848,0.015605331724509596,2.025082790851593,0.013852810043467478,0.00020261152107461114,542.2315056324005
117,702000,161505271.23046875,0.0,0.0,0.039999999999997725,0.5099643456006618,0.20280022083303445,0.4902166666666667,-0.011220832794788294,0.018495820835232733,2.0241517186164857,0.012432962412334358,0.00020114131907667085,575.3066546916962
118,708000,163404947.1953125,0.0,0.0,0.029999999999998295,0.5098870151724386,0.20266573412156566,0.48785833333333334,-0.00730099253996741,0.015778417885303497,2.0230307579040527,0.021506896801628095,0.00019966556368741794,608.7099258899689
119,714000,161475579.71679688,0.0,0.0,0.04999999999999716,0.5099519744588042,0.2026853498395553,0.489475,-0.006350938734249212,0.017592620756477117,2.0230212807655334,-0.0007292784334254065,0.00019818441674006123,645.4976954460144
120,720000,159847461.49609375,0.0,0.0,0.04785714285714014,0.5101874509901545,0.2025471660830122,0.49033333333333334,-0.009011641540564597,0.018584894901141524,2.020456838607788,0.020847701530344764,0.00019669804065905442,678.4889523983002
121,726000,162443224.60546875,0.0,0.0,0.03562499999999798,0.5102468417488735,0.20251071460351158,0.4916083333333333,-0.008930137939751148,0.016418029321357608,2.0176649689674377,0.014271364864210278,0.00019520659844228473,710.0656898021698
122,732000,162019011.81835938,0.0,0.0,0.038541666666664476,0.5102593547986081,0.2025523160273859,0.4903666666666667,-0.009349512914195657,0.017683392204344273,2.0137232542037964,0.021330014081771154,0.00019371025364319828,743.3445379734039
123,738000,161821203.62890625,0.0,0.0,0.036666666666664585,0.510166750122625,0.2025932677756579,0.48761666666666664,-0.007799715438159183,0.017700143763795494,2.0113157510757445,0.023209246835224205,0.0001922091703528646,777.0241870880127
124,744000,159936646.58789062,0.0,0.0,0.044999999999997445,0.5103025436382598,0.2023999261320456,0.48839166666666667,0.0002609807881526649,0.018012552382424475,2.0097384452819824,0.014350666882907958,0.000190703513181982,810.1190147399902
125,750000,159685251.2578125,0.0,0.0,0.03458333333333137,0.5103032501582455,0.20245864020893498,0.48895,-0.00768264124635607,0.018502839002758266,2.0072792053222654,0.016905253757246896,0.00018919344724282667,843.009458065033
126,756000,161282341.68945312,0.0,0.0,0.026874999999998473,0.5102733070643544,0.20236925386070814,0.490075,-0.007537486008368432,0.01675682282075286,2.005285382270813,0.018597927698058216,0.00018767913813114555,878.6600222587585
127,762000,161145033.05078125,0.0,0.0,0.044999999999997445,0.51017004650539,0.20244393097382332,0.48988333333333334,-0.010937870986526831,0.017336291214451193,2.0047555565834045,0.01620006564505396,0.00018616075190799764,912.0895597934723
128,768000,160120928.66210938,0.0,0.0,0.038124999999997834,0.5099764621652335,0.2025152725026649,0.4878,-0.011524983784329378,0.01713353777304292,2.003366303443909,0.019000695237182084,0.00018463845508154283,944.8908362388611
129,774000,161384035.45507812,0.0,0.0,0.11333333333332689,0.5102451539187933,0.20211581648231564,0.4896083333333333,-0.012363066303078086,0.01643687440082431,2.0037343382835386,0.023451091978748638,0.00018311241458878293,978.3644979000092
130,780000,161393932.66796875,0.0,0.0,0.031666666666664865,0.5100365050311155,0.20243639596646656,0.4871916666666667,-0.013045173438149505,0.016907438542693852,2.0035031914710997,0.02218385859304419,0.0001815827977772548,1011.259959936142
131,786000,160288730.64648438,0.0,0.0,0.044999999999997445,0.5099654139578447,0.2025043948114316,0.49091666666666667,-0.011946412900579162,0.017886087531223893,2.001328706741333,0.021792004042242928,0.0001800497723866791,1045.216155052185
132,792000,161503951.06054688,0.0,0.0,0.032499999999998155,0.5098721236959515,0.2026276984179751,0.48999166666666666,-0.012392446835292503,0.01771213235333562,1.9981492400169372,0.0226434364261479,0.00017851350653056564,1082.8824498653412
133,798000,162755211.8828125,0.0,0.0,0.03499999999999801,0.5098273331870076,0.20266729349254406,0.48895833333333333,-0.011818242212757468,0.01633152039721608,1.996862417459488,0.023931031550404925,0.0001769741686777775,1117.0325005054474
134,804000,163250787.95703125,0.0,0.0,0.031249999999998224,0.5097913800424624,0.20270042589439585,0.491625,-0.0049689647275954485,0.016432627011090516,1.9957301557064056,0.02106974620892039,0.00017543192763405706,1150.5112886428833
135,810000,161355179.234375,0.0,0.0,0.03499999999999801,0.5098699634352075,0.2027108014500986,0.48875833333333335,-0.01046943087130785,0.01829898376017809,1.9947995245456696,-0.00718807381139186,0.0001738869525235143,1183.564730644226
136,816000,160389956.07421875,0.0,0.0,0.026458333333331828,0.5097586675436533,0.20287657874844459,0.49291666666666667,-0.01237346975831315,0.018852859642356633,1.9925762116909027,0.027065473123937877,0.00017233941277008033,1216.768976688385
137,822000,161711303.21289062,0.0,0.0,0.045624999999997404,0.5096352015494225,0.20288031835141107,0.490775,-0.011390898355239187,0.016732347942888737,1.99260573387146,0.01024524655259711,0.00017078947807892827,1250.0074236392975
138,828000,161349737.92773438,0.0,0.0,0.11562499999999343,0.5097026059923836,0.20293853145108068,0.49235833333333334,-0.010121714998967945,0.016802370874211194,1.9912625551223755,0.024780606694929475,0.00016923731841786324,1285.6707084178925
139,834000,163553672.203125,0.0,0.0,0.046874999999997335,0.5099707241413675,0.2029752995809947,0.49264166666666664,-0.01189952827990055,0.016668544663116337,1.9898234605789185,0.020178557149595024,0.00016768310399868332,1319.599449634552
140,840000,160704049.91992188,0.0,0.0,0.025624999999998545,0.5100023848568251,0.20300391573754903,0.49295833333333333,-0.010989142674952745,0.017577075771987437,1.989314818382263,0.016020349375208222,0.000166127005258514,1352.8748724460602
141,846000,159293161.6015625,0.0,0.0,0.030624999999998258,0.5101016261960521,0.20288757006772024,0.4912,-0.010822118242504074,0.018928351951763032,1.988301509618759,0.01073798451180572,0.00016456919284111768,1386.021321773529
142,852000,161212733.015625,0.0,0.0,0.02687499999999847,0.5102902633280235,0.20278075560856607,0.4885,-0.013158766232663766,0.017339602718129753,1.988517278432846,0.026235525126183747,0.00016300983757818095,1419.10897231102
143,858000,159723431.24023438,0.0,0.0,0.853124999999952,0.5103505682568515,0.2028875063386712,0.492075,-0.00802010523620993,0.019069182127714156,1.9885091185569763,0.01611420231222489,0.00016144911047058071,1452.6825635433197
144,864000,160853917.69921875,0.0,0.0,0.9106249999999486,0.5104419200529473,0.20290210796508015,0.48988333333333334,-0.005773315636906773,0.01821177201345563,1.987924063205719,0.023676182025403846,0.00015988718266963216,1486.2802565097809
145,870000,159851233.06445312,0.0,0.0,0.03520833333333133,0.5106665573914826,0.20241889796803927,0.4881666666666667,-0.010993433515614015,0.016924516716971993,1.9863140761852265,-0.012487551548497322,0.00015832422545831993,1521.8348987102509
146,876000,161207141.8125,0.0,0.0,0.050624999999997124,0.510492480027241,0.20251828231188618,0.48796666666666666,-0.000819023756776005,0.016574507206678392,1.9835188388824463,0.02992218465769838,0.00015676041023251518,1557.1458940505981
147,882000,161285438.41210938,0.0,0.0,0.019999999999998862,0.5103706180335491,0.20274809860978774,0.4868,-0.00976958533283323,0.016580679174512624,1.9821554183959962,-0.022577571659427066,0.00015519590848217995,1591.191045999527
148,888000,160967816.3984375,0.0,0.0,0.034374999999998046,0.5101335778652538,0.20280872780835174,0.48823333333333335,-0.007603985990863293,0.016848071850836276,1.979947167634964,0.020524571315714724,0.00015363089177256167,1624.9259502887726
149,894000,161440376.92773438,0.0,0.0,0.031041666666664903,0.5100424144134894,0.20263932064805149,0.4881,-0.008301652874797583,0.01670942362397909,1.9787605702877045,0.018017284843921642,0.00015206553172537855,1657.5350029468536
150,900000,161862868.03125,0.0,0.0,0.01708333333333236,0.5099915532663049,0.2026379710046984,0.4892416666666667,-0.011277858295943587,0.018250441225245596,1.978023236989975,0.019631146354228336,0.0001504999999999998,1691.050443649292
151,906000,161751546.45117188,0.0,0.0,0.03187499999999819,0.5100521138245421,0.20262991821763063,0.48983333333333334,-0.011647806502878666,0.015873270481824873,1.977015733718872,0.018479910562609624,0.00014893446827462107,1724.4825966358185
152,912000,161499920.98632812,0.0,0.0,0.02749999999999844,0.5100011987733106,0.20262819890452774,0.4895333333333333,-0.010519581387052312,0.01648260620422661,1.9774233162403108,0.017634479571047024,0.00014736910822743798,1758.7097685337067
153,918000,162678348.04296875,0.0,0.0,0.034374999999998046,0.5099947206813764,0.20255372462292676,0.48899166666666666,-0.011287185898981988,0.015344507480040192,1.9776569485664368,0.016116385923499975,0.0001458040915178196,1792.1065137386322
154,924000,158958190.69335938,0.0,0.0,0.05208333333333037,0.509951226720488,0.20256311713730457,0.49054166666666665,-0.012125831202138216,0.01926978682167828,1.9768914759159089,0.02194189707023426,0.00014423958976748444,1825.3508853912354
155,930000,163227009.33398438,0.0,0.0,0.031249999999998224,0.5099893010153884,0.2024247283614293,0.49005,-0.011937774065881968,0.015239842887967824,1.9744122564792632,0.020953805156201134,0.0001426757745416797,1859.3056406974792
156,936000,163434867.3984375,0.0,0.0,0.046874999999997335,0.5101911261272207,0.2023685075880026,0.4896,-0.014148904697503895,0.015700566535815596,1.9711444616317748,0.011233601094386536,0.0001411128173303675,1893.6186769008636
157,942000,163191241.29882812,0.0,0.0,0.03333333333333144,0.5102235124196788,0.2024008256344043,0.490525,-0.011141611865605227,0.01602700664661825,1.9697333455085755,0.025206386345935528,0.0001395508895294189,1926.5893206596375
158,948000,163899384.578125,0.0,0.0,0.04062499999999769,0.5103555254702983,0.20242227043227462,0.4879833333333333,-0.01207718373334501,0.016110611706972124,1.971125590801239,0.019174225513612343,0.00013799016242181864,1962.1183214187622
159,954000,161356802.90429688,0.0,0.0,0.032499999999998155,0.5101932811609768,0.20238602061632216,0.4895,-0.010043138021137566,0.017968948278576136,1.9708853781223297,0.027037211519175486,0.0001364308071588819,1995.9967503547668
160,960000,162847194.77539062,0.0,0.0,0.034374999999998046,0.5100892758395392,0.20228369246853156,0.48978333333333335,-0.011425574962049722,0.01652840939350426,1.9708073318004609,0.014337916799647132,0.00013487299474148563,2028.427844285965
161,966000,160351202.12695312,0.0,0.0,0.026874999999998473,0.5101011336312563,0.20219360887559076,0.49241666666666667,-0.01325127696909476,0.017358299251645802,1.9710765779018402,0.01820894890841096,0.00013331689600131627,2063.5249240398407
162,972000,160929196.41796875,0.0,0.0,0.02916666666666501,0.510174212734404,0.2021893756567585,0.49064166666666664,-0.012536860449472442,0.017326106317341328,1.972487074136734,0.021684552338352602,0.00013176268158213633,2097.8702483177185
163,978000,162101400.62304688,0.0,0.0,0.03624999999999794,0.510133461711987,0.2021927409297073,0.4906916666666667,-0.008937049025553279,0.016330352099612356,1.973462963104248,0.022702606351774436,0.00013021052192107132,2131.3195753097534
164,984000,161387907.31054688,0.0,0.0,0.05354166666666362,0.5101644356874865,0.2022635030339566,0.4880583333333333,-0.007414141611661762,0.017250611167401075,1.9734983325004578,0.025501120509809284,0.00012866058722991932,2165.5538816452026
165,990000,161694570.68554688,0.0,0.0,0.04249999999999758,0.5102651501409874,0.20217863621466317,0.489125,-0.009437837701989337,0.016456079948693515,1.9730687737464905,0.012431907365154515,0.00012711304747648532,2200.5139660835266
166,996000,159803266.6953125,0.0,0.0,0.04374999999999751,0.5102032111175926,0.20219846524852214,0.48990833333333333,-0.011510143079794944,0.01819720477797091,1.9729083716869353,0.01275452252818896,0.00012556807236594248,2232.643563747406
167,1002000,161928877.9296875,0.0,0.0,0.031249999999998224,0.5100799166530721,0.20235438264652922,0.48643333333333333,-0.012864121998427435,0.01610308079980314,1.9738845467567443,0.02312621430334936,0.0001240258313222221,2265.9266171455383
168,1008000,161270680.27734375,0.0,0.0,0.0368749999999979,0.5105050775999962,0.20163844984442522,0.49046666666666666,-0.011631128692533821,0.017159293266013266,1.9735279500484466,0.025370938734196002,0.00012248649346943398,2299.270013332367
169,1014000,161559273.08398438,0.0,0.0,0.04374999999999751,0.5106818762383774,0.20158225787134348,0.48993333333333333,-0.008979844831628725,0.016242024721577764,1.972735744714737,0.01887435316149997,0.00012095022761332044,2332.606453180313
170,1020000,161338965.90820312,0.0,0.0,0.06374999999999638,0.510516493229699,0.20195709334309114,0.48895833333333333,-0.008921563380863518,0.01626815628260374,1.9723388671875,-0.023367951609467495,0.00011941720222274479,2364.78542137146
171,1026000,160151767.57226562,0.0,0.0,0.12166666666665975,0.5105209977039779,0.20239089102994837,0.49025,-0.012325353914638982,0.017081990046426652,1.9716921210289002,0.016061259692574836,0.00011788758541121671,2398.897700548172
172,1032000,161289509.55859375,0.0,0.0,0.09249999999999474,0.5104184452309635,0.20257856395633797,0.4881916666666667,-0.012093508164980449,0.01616080170497298,1.9693930566310882,0.025395580116349237,0.00011636154491845681,2434.2896404266357
173,1038000,161522455.31445312,0.0,0.0,0.05083333333333044,0.5105161316165792,0.2023732838480558,0.4876666666666667,-0.01319628442870453,0.017362460354343058,1.9659539759159088,0.02389940143644793,0.00011483924809200201,2467.6747105121613
174,1044000,161345684.32421875,0.0,0.0,0.034374999999998046,0.510480587259987,0.20262675394318064,0.487925,-0.011948542424943299,0.01653909422457218,1.9621260166168213,0.022968188438527194,0.00011332086186885406,2500.5511581897736
175,1050000,161215491.6484375,0.0,0.0,0.052499999999997014,0.5103571887700606,0.20282929449488915,0.4893416666666667,-0.013584863115102052,0.016840810980647804,1.9590684473514557,0.018081372772495285,0.000111806552757173,2534.0913989543915
176,1056000,160154104.69726562,0.0,0.0,0.05458333333333023,0.5106721113738738,0.20257278248420074,0.4904,-0.012480749253882095,0.018088176706805827,1.9571827471256256,0.023118249923636515,0.00011029648681801765,2567.897222995758
177,1062000,159907716.80859375,0.0,0.0,0.02014880952380838,0.5106969098249649,0.20242831449552617,0.49141666666666667,-0.012846386421006172,0.018788705067709088,1.9555804967880248,0.01751592871775216,0.00010879082964713504,2602.207308292389
178,1068000,158999842.3671875,0.0,0.0,0.042708333333330906,0.5105657392245307,0.20239821217795023,0.4894,-0.01104804886272177,0.018104131706058978,1.9547142267227173,0.024936234881654685,0.00010728974635680131,2639.099438905716
179,1074000,161199540.38867188,0.0,0.0,0.03979166666666441,0.5105856435720718,0.20251012215094943,0.48966666666666664,-0.013267331232782453,0.0170783503446728,1.9547950625419617,0.017411455478941205,0.00010579340155771489,2671.351236820221
180,1080000,161121301.50585938,0.0,0.0,0.048749999999997226,0.5104790914253499,0.202847595987171,0.4883166666666667,-0.013566651369910688,0.016296143969520928,1.955225521326065,0.024096053622781,0.0001043019593409452,2705.0147371292114
181,1086000,161354592.00976562,0.0,0.0,0.026874999999998473,0.5104547744408607,0.20260291804789513,0.4906333333333333,-0.014582590499776416,0.016596263647079466,1.9543751060962677,0.021011485773948957,0.00010281558325993838,2738.3739223480225
182,1092000,161606151.72070312,0.0,0.0,0.04062499999999769,0.5100894135651208,0.20286911761694595,0.49228333333333335,-0.014398533535131718,0.016319808876141907,1.9533706963062287,0.019384041166591003,0.00010133443631258163,2771.009242773056
183,1098000,160395739.515625,0.0,0.0,0.02499999999999858,0.510369181270615,0.20252765551030621,0.48741666666666666,-0.012815852847415954,0.017134230490773915,1.9532886087894439,0.01862513183580745,9.985868092332877e-05,2803.522620201111
184,1104000,161582035.3046875,0.0,0.0,0.03624999999999794,0.5105241342252448,0.20259765157526527,0.491575,-0.01242522564571118,0.01646346556954086,1.9545416116714478,0.011488201780907658,9.838847892538848e-05,2836.475759267807
185,1110000,159817985.13476562,0.0,0.0,0.03833333333333116,0.5108082643794563,0.20215505434331876,0.48935833333333334,-0.008097679846105165,0.01780406362377107,1.9544858872890472,0.008103073075815814,9.692399154297746e-05,2870.0385217666626
186,1116000,161269817.53515625,0.0,0.0,0.04124999999999765,0.5108803784609075,0.201699170080965,0.4885583333333333,-0.010328251833561808,0.016527369664981962,1.9533145368099212,0.027207802957768125,9.546537937364052e-05,2905.6024298667908
187,1122000,161317781.67578125,0.0,0.0,0.06062499999999655,0.5106323277899248,0.20211085252714775,0.48995833333333333,-0.00852166167460382,0.016247188905254006,1.9531699478626252,0.00810829515580309,9.401280237063899e-05,2938.3489785194397
188,1128000,161240886.06054688,0.0,0.0,0.045624999999997404,0.5105237075156737,0.2022606672614818,0.489575,-0.01257941885269247,0.016657811077311634,1.9530681729316712,0.025352554323561448,9.256641982541045e-05,2971.354754447937
189,1134000,160780060.63671875,0.0,0.0,0.04479166666666412,0.5103999612011625,0.20224813945440567,0.49199166666666666,-0.012866325385402888,0.016781126707792283,1.952479326725006,0.02392612755725807,9.112639035010011e-05,3003.5191581249237
190,1140000,160773833.55664062,0.0,0.0,0.04854166666666391,0.5105433352111686,0.20194249724100674,0.4877166666666667,-0.012168852402828634,0.017402582289651036,1.9522284269332886,0.028931608735322946,8.96928718601677e-05,3036.2987728118896
191,1146000,160937914.13476562,0.0,0.0,0.09749999999999445,0.5103407794968609,0.20231675235457164,0.487725,-0.012622239463962615,0.01660720366053283,1.9518072068691255,0.012637644378400027,8.826602155706989e-05,3069.998505115509
192,1152000,161377885.37109375,0.0,0.0,0.0824999999999953,0.5104946331541924,0.20199433654487994,0.48861666666666664,-0.011163310107076541,0.017133258702233433,1.9513118386268615,0.023577505269708608,8.684599591102148e-05,3103.3575234413147
193,1158000,160603149.67382812,0.0,0.0,0.09708333333332782,0.5104628041667405,0.20223588360842937,0.486775,-0.011992149637080729,0.017295535607263445,1.9511951386928559,0.023730657774060936,8.54329506438369e-05,3139.471846342087
194,1164000,159783239.33203125,0.0,0.0,0.1249999999999929,0.5104053943892011,0.20230340354660217,0.489475,-0.010620415396988391,0.016931845527142286,1.9510868430137633,0.0024535136740695407,8.402704071185323e-05,3172.7870573997498
195,1170000,160759415.80664062,0.0,0.0,0.05499999999999687,0.5105596959220333,0.20175603986744717,0.49104166666666665,-0.0074221142996975685,0.01673088436946273,1.9507411241531372,0.02200782081167212,8.262842028893761e-05,3206.6690289974213
196,1176000,161484545.28710938,0.0,0.0,0.033124999999998114,0.5105150253136019,0.20202810660592088,0.4904833333333333,-0.012135358399245889,0.01724096303805709,1.9502521932125092,0.017398536862668835,8.123724274958056e-05,3241.5002224445343
197,1182000,159760057.61132812,0.0,0.0,0.03270833333333147,0.5105874344257896,0.2018447420537347,0.489375,-0.01220892500714399,0.01900115441530943,1.9497938454151154,0.022435562547929423,7.985366065207631e-05,3274.906532049179
198,1188000,161078617.23046875,0.0,0.0,0.021874999999998757,0.51046567090485,0.20224542045992405,0.4891333333333333,-0.008567686926107853,0.017567714443430305,1.9495843291282653,0.015561208310517572,7.84778257217934e-05,3308.5594851970673
199,1194000,161269587.58984375,0.0,0.0,1.5968749999999097,0.5103349469856141,0.2024461424137201,0.48801666666666665,-0.0041432067169807855,0.01654365989379585,1.9490337193012237,0.00259369135232248,7.710988883453631e-05,3343.9537014961243
200,1200000,161354855.88085938,0.0,0.0,0.03791666666666451,0.5105777515599671,0.2021170690064665,0.488325,-0.01117814426543191,0.017802118929103015,1.9483608782291413,0.0063384769543590735,7.574999999999984e-05,3377.7627890110016
201,1206000,161180340.52734375,0.0,0.0,0.041458333333330974,0.5106999467258586,0.20220040094097838,0.48836666666666667,-0.012805874733021482,0.016909282375127076,1.9481474995613097,0.030487311922535378,7.439830834531936e-05,3411.541397333145
202,1212000,161288442.60546875,0.0,0.0,0.12562499999999288,0.5106992468324989,0.20227596083980762,0.4887916666666667,-0.012827799434307962,0.016804059594869615,1.9480707108974458,0.021263782372573915,7.305496209871693e-05,3445.2304060459137
203,1218000,161292232.83984375,0.0,0.0,0.10249999999999418,0.5104879266646786,0.2023501618955334,0.4892916666666667,-0.01228481971193105,0.01612442503683269,1.947375077009201,0.02589734251576008,7.172010857324658e-05,3478.1748185157776
204,1224000,161577744.99609375,0.0,0.0,0.08124999999999538,0.5104144945735081,0.20240133815402908,0.4887166666666667,-0.005686834338121116,0.016421062359586357,1.9465400516986846,0.029105206776223726,7.039389415063991e-05,3511.2055389881134
205,1230000,161311645.65820312,0.0,0.0,0.07999999999999545,0.5104838544021826,0.2021812050609451,0.48846666666666666,-0.00798209170170594,0.01648940844461322,1.9463643074035644,0.0028562491390590416,6.907646426525337e-05,3543.8348772525787
206,1236000,161286033.56445312,0.0,0.0,0.029999999999998295,0.5105045620357537,0.2020638213512898,0.48851666666666665,-0.009512587112840264,0.017425433034077287,1.9461014986038208,0.009526153703889585,6.776796338811995e-05,3579.065721511841
207,1242000,158501909.08984375,0.0,0.0,0.07499999999999574,0.510447020743513,0.20210846797019769,0.4886333333333333,-0.01214627789959195,0.01893064407631755,1.9452583253383637,0.023729886879846517,6.646853501110638e-05,3612.3139593601227
208,1248000,160294358.54296875,0.0,0.0,0.032499999999998155,0.5102535980228903,0.20222796717296818,0.490275,-0.01172110642073676,0.017136187199503182,1.9448088526725769,0.023935541306063613,6.517832163117736e-05,3644.579300403595
209,1254000,160685013.05859375,0.0,0.0,0.04708333333333066,0.5104216405807849,0.20187344136522078,0.4903166666666667,-0.0036344733962323517,0.017190562235191463,1.9447778761386871,0.011256875607025662,6.389746473476937e-05,3677.4775750637054
210,1260000,161396967.94335938,0.0,0.0,0.027499999999998435,0.5104041389472381,0.20188148181313492,0.490475,-0.00838778288452886,0.016160228988155723,1.944558745622635,0.014138015938617753,6.262610478227516e-05,3710.5858035087585
211,1266000,161277102.23242188,0.0,0.0,0.08395833333332856,0.5103863256664374,0.2018921258403786,0.49151666666666666,-0.01095613736542873,0.017198901530355214,1.9445368111133576,0.016581858407526084,6.13643811926403e-05,3744.4878191947937
212,1272000,161403299.375,0.0,0.0,0.035833333333331295,0.5105953298168453,0.20145757028993483,0.489475,-0.011330564611125738,0.016585057182237507,1.944545602798462,0.02424479749343078,6.0112432328074846e-05,3777.665799856186
213,1278000,161352142.04101562,0.0,0.0,0.09333333333332802,0.5105428555739231,0.20133107807971082,0.4888,-0.012224562431219966,0.017282531457021834,1.9444129049777985,0.017373577685901864,5.8870395478879934e-05,3815.343867778778
214,1284000,161375179.74414062,0.0,0.0,0.04062499999999769,0.5103062727626939,0.20159582363089898,0.4889,-0.011494598237914034,0.01609116713516414,1.9440315544605256,0.016670893396459975,5.76384068483925e-05,3847.183831691742
215,1290000,161710194.3828125,0.0,0.0,0.0281249999999984,0.5101745584893184,0.20188789294271464,0.4885,-0.009272521466482431,0.016005985159426927,1.9432324647903443,0.029849288519397988,5.641660153804921e-05,3882.285033941269
216,1296000,161277949.1640625,0.0,0.0,0.03333333333333144,0.5099601117177535,0.2023424666439948,0.49166666666666664,-0.009052822238299996,0.01613841629587114,1.9428444802761078,0.01421636007727436,5.520511353257077e-05,3915.854563474655
217,1302000,161879440.23046875,0.0,0.0,0.07520833333332906,0.5099932783926702,0.2023118309186732,0.49044166666666666,-0.009721909672953189,0.017168433917686344,1.9424494326114654,0.02128265952745494,5.4004075685269304e-05,3949.369166612625
218,1308000,161223569.86523438,0.0,0.0,0.03624999999999794,0.5097058584313409,0.20250860132585807,0.49094166666666667,-0.009467003446752642,0.016091365832835436,1.9421850800514222,0.017923893967754623,5.281361970347917e-05,3982.529367685318
219,1314000,161853488.8984375,0.0,0.0,0.04249999999999759,0.5098129657973267,0.2025856180988795,0.49091666666666667,-0.01161807103198953,0.01619808576069772,1.9419389247894288,0.017806419307936493,5.163387613411391e-05,4018.3346865177155
220,1320000,161303690.79492188,0.0,0.0,0.0281249999999984,0.509630778094151,0.20279664316147367,0.49075833333333335,-0.012221600668272003,0.01612845524214208,1.941478681564331,0.025214298005529656,5.046497434935059e-05,4051.6623260974884
221,1326000,160944368.04882812,0.0,0.0,0.0658333333333296,0.509617471127582,0.20270243723090123,0.49045,-0.01223565733525902,0.016166449617594482,1.941397374868393,0.025175007531754546,4.9307042532442135e-05,4084.9241061210632
222,1332000,162815837.265625,0.0,0.0,0.034374999999998046,0.5094352386544193,0.20276139494614268,0.490025,-0.01289594586705789,0.01545965508557856,1.941477996110916,0.023960918084979056,4.816020766366094e-05,4118.493355989456
223,1338000,162192466.86132812,0.0,0.0,0.027499999999998435,0.509523407929611,0.2027330521127395,0.49254166666666666,-0.011810063384473324,0.016281322622671724,1.9414779484272002,0.02398578324266083,4.702459550637411e-05,4151.348445177078
224,1344000,161943689.359375,0.0,0.0,0.03708333333333123,0.5095317264153512,0.20264580494868542,0.4906,-0.011898553385253762,0.016584654338657856,1.9412199437618256,0.017242580205538614,4.590033059325176e-05,4184.713680267334
225,1350000,161801970.15820312,0.0,0.0,0.03645833333333126,0.5095008390098302,0.2028483134079934,0.49033333333333334,-0.012786893727025017,0.016794036887586117,1.9409113466739654,0.027238019891957066,4.4787536212611066e-05,4220.563837528229
226,1356000,161393907.99609375,0.0,0.0,0.04187499999999762,0.5094108149842069,0.20295481507423774,0.49094166666666667,-0.013187585322884842,0.016236882796511053,1.9406601786613464,0.023512709405751408,4.368633439489585e-05,4253.907670736313
227,1362000,161347289.95117188,0.0,0.0,0.08999999999999488,0.5096265112349354,0.20267435715294185,0.49216666666666664,-0.010784909233916552,0.016863943170756103,1.9402465403079987,0.02460608768717698,4.259684589929477e-05,4288.06189250946
228,1368000,161556809.18945312,0.0,0.0,0.04374999999999751,0.5095005694529354,0.20304708726807122,0.4916583333333333,-0.012502254484934383,0.016474538343027235,1.9398070096969604,0.022434693817021324,4.1519190200498926e-05,4321.094643115997
229,1374000,161770060.94921875,0.0,0.0,0.030624999999998258,0.5096380958615346,0.20309135932296632,0.4898166666666667,-0.01123111480847001,0.016738016670569778,1.9394036531448364,0.02063338398747607,4.045348547559969e-05,4354.332418203354
230,1380000,160924002.546875,0.0,0.0,0.05541666666666352,0.5097974628111676,0.20304978912219765,0.4905583333333333,-0.012510633160127326,0.017283029016107322,1.9391868174076081,0.018357640605866265,3.939984859112947e-05,4389.360833644867
231,1386000,162712386.7265625,0.0,0.0,0.0281249999999984,0.5102189019540603,0.20265477879921434,0.4935083333333333,-0.012301922333426774,0.01638838672079146,1.939244520664215,0.016245787576227144,3.835839509024622e-05,4425.898232221603
232,1392000,161788581.22265625,0.0,0.0,0.05395833333333026,0.5099135129389142,0.20282670342542294,0.48906666666666665,-0.011784721934236585,0.01729213511571288,1.9392395198345185,0.021539474637310006,3.732923918006236e-05,4459.815578699112
233,1398000,162216446.21484375,0.0,0.0,0.033124999999998114,0.5098017428277704,0.20328086550832625,0.4900583333333333,-0.01153000783669995,0.01719314493238926,1.9390883088111877,0.026709066421054216,3.631249371912091e-05,4491.949780702591
234,1404000,160844440.3046875,0.0,0.0,0.04062499999999769,0.5099567303040498,0.20298179064390454,0.48993333333333333,-0.012386660295305774,0.01749979704618454,1.9387957215309144,0.025721729710642193,3.530827020501945e-05,4524.992472648621
235,1410000,160494466.12109375,0.0,0.0,0.04333333333333087,0.5098200125713468,0.20345503130071874,0.49040833333333333,-0.012165417475625873,0.017270993487909437,1.9385352730751038,0.014063532068864504,3.431667876218278e-05,4557.6798548698425
236,1416000,161822166.47851562,0.0,0.0,0.04062499999999769,0.5099724012826876,0.20333690830192258,0.489975,-0.011904017732013017,0.016214241040870547,1.9384526908397675,0.018606765596214637,3.3337828129786896e-05,4590.85501742363
237,1422000,161823934.72851562,0.0,0.0,0.0504166666666638,0.5102644209059377,0.20271293976176924,0.4894833333333333,-0.012843067280482501,0.01698493757285178,1.9382664084434509,0.018460587098627457,3.2371825649834254e-05,4625.219517469406
238,1428000,161996051.70703125,0.0,0.0,0.059374999999996625,0.5104498143282692,0.20269774962939113,0.49096666666666666,-0.010977651283610612,0.01581880315206945,1.9383530974388123,0.015320055238652586,3.14187772553826e-05,4658.494754076004
239,1434000,160435157.09960938,0.0,0.0,0.039999999999997725,0.5108227470251652,0.2016504332569417,0.48791666666666667,-0.012430034339195118,0.01741949412971735,1.9384933948516845,0.0186515700027595,3.0478787458928344e-05,4691.489909410477
240,1440000,161413514.6640625,0.0,0.0,0.044999999999997445,0.510684605823793,0.20224389868518258,0.49038333333333334,-0.0053689780208515,0.01540208193473518,1.938489317893982,0.02584113201564799,2.9551959340945312e-05,4724.773008823395
241,1446000,162290461.49804688,0.0,0.0,0.033124999999998114,0.5103697406626255,0.20274227393990685,0.4920083333333333,-0.011135277291759848,0.015236956160515546,1.9386195957660675,-0.07467570239115506,2.8638394538581072e-05,4757.520129203796
242,1452000,161224388.71679688,0.0,0.0,0.03562499999999798,0.5104825330905591,0.20241705968630655,0.48930833333333335,-0.008766500651836396,0.016322186728939415,1.9385811626911162,0.013687979387898962,2.773819323451119e-05,4790.912574529648
243,1458000,161910702.55078125,0.0,0.0,0.031249999999998224,0.5102521399461618,0.20257919736287305,0.49040833333333333,-0.010389599233167245,0.016361662838608026,1.9383922338485717,0.026363328539744657,2.6851454145952938e-05,4824.00926399231
244,1464000,161096321.3828125,0.0,0.0,0.03749999999999787,0.5101655087566055,0.20270189724833657,0.488175,-0.01111946146702394,0.016979298973456024,1.9381506383419036,0.01685485151561288,2.5978274513840083e-05,4856.877726793289
245,1470000,161267622.4609375,0.0,0.0,0.027499999999998435,0.5104500839009146,0.20229823386366677,0.489375,-0.010971749998861923,0.01669362992979586,1.937808519601822,0.014553789433508647,2.5118750092159073e-05,4891.026349782944
246,1476000,161305367.66992188,0.0,0.0,0.024374999999998613,0.51029554559217,0.20233153484987754,0.48909166666666665,-0.012223098633694463,0.016639200551435352,1.9376563906669617,0.016707042403506733,2.4272975137448698e-05,4924.399245977402
247,1482000,162426212.01953125,0.0,0.0,0.03645833333333126,0.5101220878313979,0.20244368915845481,0.49001666666666666,-0.013176254945574329,0.017111091874539852,1.937403255701065,0.02028004173134157,2.344104239846382e-05,4959.11189699173
248,1488000,161552718.390625,0.0,0.0,0.03479166666666469,0.5104769569148598,0.2021458934704582,0.49111666666666665,-0.01443529659009073,0.017781530879437922,1.9373417139053344,0.02176728180368741,2.262304310600422e-05,4993.0930190086365
249,1494000,161748706.13671875,0.0,0.0,0.03541666666666465,0.5104243759106637,0.20219051755248146,0.4893166666666667,-0.012463421796564945,0.01669192952103913,1.937199342250824,0.01969959358259423,2.1819066962910398e-05,5027.72532916069
250,1500000,161441366.24609375,0.0,0.0,0.04062499999999769,0.5101669412778116,0.2024478269560864,0.4870333333333333,-0.01253648714045994,0.016174731589853764,1.9368530750274657,0.027862690285313896,2.1029202134226405e-05,5062.251798868179
251,1506000,161917487.375,0.0,0.0,0.07979166666666213,0.5103821966659658,0.20200913151763786,0.4909833333333333,-0.010997052327729762,0.01718629295937717,1.9366116583347321,0.014734468189270444,2.0253535237531617e-05,5096.468124866486
252,1512000,161937331.85546875,0.0,0.0,0.030624999999998258,0.5104108893029401,0.20213618752585372,0.48890833333333333,-0.011066922266036273,0.0163422588724643,1.936385989189148,0.018784769814071112,1.9492151333442355e-05,5130.5317850112915
253,1518000,161460044.64257812,0.0,0.0,0.03312499999999812,0.5104046008298627,0.20250816196509108,0.4875333333333333,-0.012497843452729284,0.016354642063379287,1.9361860513687135,0.01834191869713777,1.8745133916283635e-05,5163.8803198337555
254,1524000,160734782.18359375,0.0,0.0,0.05410714285713979,0.5103661374806099,0.2024954646432354,0.4890833333333333,-0.01263752800077782,0.017635127482935786,1.9359208941459656,0.02001653547573241,1.801256490493336e-05,5197.26219534874
255,1530000,161360066.50390625,0.0,0.0,0.02499999999999858,0.5102632240807834,0.20241998133573738,0.4895333333333333,-0.01189887224463746,0.016127116838470103,1.9356383025646209,0.023390890325399382,1.729452463383898e-05,5230.5363874435425
256,1536000,161447816.1953125,0.0,0.0,0.06562499999999627,0.5101696547157135,0.2025664755236028,0.48828333333333335,-0.013014071056386457,0.015795069420710205,1.9355221390724182,0.020413905559973956,1.659109184420777e-05,5263.582471370697
257,1542000,161612516.32226562,0.0,0.0,0.04249999999999759,0.5099900827815131,0.20269164155348765,0.49065,-0.013315218337811529,0.016433846578001975,1.9355048716068268,0.022263307722347747,1.5902343675372037e-05,5298.194894075394
258,1548000,161268644.3203125,0.0,0.0,0.06749999999999616,0.5101228698641506,0.20263552413202612,0.4900833333333333,-0.011950985883595422,0.017292422661557793,1.935218060016632,0.02518665234671431,1.5228355656330076e-05,5331.861316680908
259,1554000,161144507.81835938,0.0,0.0,0.08562499999999512,0.5101235396111283,0.2026110812099449,0.48909166666666665,-0.012723054413800127,0.016251593129709363,1.9349268555641175,0.01773349751610951,1.4569201697463226e-05,5365.540760040283
260,1560000,161430456.671875,0.0,0.0,0.09208333333332809,0.5102698346537736,0.2027037143595855,0.4877,-0.011739181086886675,0.016813976038247348,1.9346660315990447,0.019925627849313086,1.392495408243116e-05,5398.715710639954
261,1566000,161987695.4921875,0.0,0.0,0.07791666666666223,0.510363728479183,0.2026485512089785,0.4895583333333333,-0.012897488998714835,0.016771883610635994,1.9344211101531983,0.01961523787379278,1.3295683460244827e-05,5431.619921684265
262,1572000,161963046.27148438,0.0,0.0,0.08062499999999541,0.5104427371862376,0.20260349056977583,0.4912916666666667,-0.010855072701815516,0.016152116004377604,1.9342323541641235,0.014316303857736657,1.2681458837519131e-05,5464.417998075485
263,1578000,161387186.56054688,0.0,0.0,0.053749999999996946,0.510347017442148,0.20268522455131355,0.486875,-0.01320268225390464,0.01718168635852635,1.9340858221054078,0.025430528199895976,1.2082347570905764e-05,5496.894789457321
264,1584000,162889363.3046875,0.0,0.0,0.03958333333333108,0.5100360001018253,0.20320951346268465,0.49004166666666665,-0.01163857423744048,0.01612965650856495,1.9338096857070923,0.010886052611079755,1.1498415359706401e-05,5534.076106071472
265,1590000,161937975.0078125,0.0,0.0,0.044999999999997445,0.5102141864969515,0.20318765658636423,0.4901,-0.012711447081528604,0.01654776050709188,1.933575063943863,0.0235545801848815,1.0929726238668319e-05,5568.86842751503
266,1596000,162422937.07421875,0.0,0.0,0.0562499999999968,0.5100627893216398,0.20337046040116838,0.4893166666666667,-0.012367748003453017,0.016468462301418185,1.933546680212021,0.019109953509956767,1.0376342570962208e-05,5603.183165073395
267,1602000,161245055.2421875,0.0,0.0,0.048749999999997226,0.5101801198502813,0.2030375656062785,0.48890833333333333,-0.01241927646115073,0.01702421670779586,1.933454555273056,0.0177749509140817,9.838325041343277e-06,5635.973644256592
268,1608000,162011178.640625,0.0,0.0,0.08062499999999542,0.5099666607217715,0.20317288184642712,0.49135833333333334,-0.012659188255202024,0.016369858756661415,1.9332838535308838,0.01697078643724268,9.315732649496574e-06,5669.631783723831
269,1614000,162448715.97070312,0.0,0.0,0.04249999999999758,0.5099975890863464,0.20306828558068182,0.49254166666666666,-0.01100111857522279,0.016355342604219912,1.933206456899643,0.013831434571080336,8.808622703566943e-06,5703.045738697052
270,1620000,161292253.8515625,0.0,0.0,0.05499999999999687,0.5101286579696793,0.20297253530207054,0.4887166666666667,-0.012809276781626976,0.017453695926815272,1.9330831289291381,0.018025301276328776,8.317050813874532e-06,5736.37372136116
271,1626000,161456911.05078125,0.0,0.0,0.08749999999999503,0.5101481024234699,0.20327535722804466,0.492,-0.013189702323870733,0.016480973409488796,1.9329563856124878,0.017827052920442555,7.8410708868166e-06,5770.983635187149
272,1632000,162035673.00390625,0.0,0.0,0.041458333333330974,0.5102694640889504,0.20293128442576455,0.48943333333333333,-0.012272562383441255,0.016337408544495703,1.9328888475894928,0.015362358190352055,7.380735118955934e-06,5804.375036716461
273,1638000,161672351.83789062,0.0,0.0,0.07499999999999574,0.5101595783303651,0.20285603350309195,0.48959166666666665,-0.01247541224292945,0.0166837721131742,1.9327825963497163,0.015825602149786455,6.936093991297e-06,5837.067700624466
274,1644000,161533119.5390625,0.0,0.0,0.04999999999999715,0.5103438115771992,0.2028426755885062,0.49294166666666667,-0.012987783597782254,0.017492077266797423,1.9326211750507354,0.015484486794080609,6.5071962637501026e-06,5870.190163135529
275,1650000,161478113.74609375,0.0,0.0,0.03499999999999801,0.5102001345561759,0.20282810771213236,0.4895583333333333,-0.01196001346106641,0.01683478243649006,1.9324444234371185,0.012768165825543321,6.094088969784277e-06,5904.0218098163605
276,1656000,161120580.00195312,0.0,0.0,0.09249999999999474,0.5100931945268212,0.20318505012314697,0.48864166666666664,-0.011866936658043415,0.01656714570708573,1.9322976469993591,0.01557223739112743,5.6968174112696444e-06,5937.276168107986
277,1662000,161550336.37109375,0.0,0.0,0.08812499999999499,0.5100709637904767,0.20298760528056436,0.49054166666666665,-0.01200509543705266,0.01629525385797024,1.9322053074836731,0.013747079822778119,5.315425153509414e-06,5971.450536966324
278,1668000,162107678.21484375,0.0,0.0,0.04374999999999751,0.5102169839646182,0.20286242439666324,0.4901333333333333,-0.010740210150834173,0.017027272190898658,1.9321041047573089,0.012007778072455722,4.949954020462528e-06,6006.347300767899
279,1674000,161345059.80273438,0.0,0.0,0.039374999999997766,0.5102082869518554,0.20282093894303463,0.4893416666666667,-0.009679195878561586,0.016612605517730118,1.9320214688777924,0.010682772737535018,4.6004440901572674e-06,6039.90411233902
280,1680000,161699227.15039062,0.0,0.0,0.10687499999999392,0.5104240595325222,0.2023401146088091,0.49041666666666667,-0.01309426875668578,0.016523149469867347,1.931824618577957,0.013414865056819636,4.266933690296059e-06,6073.229083061218
281,1686000,162232484.67382812,0.0,0.0,0.09437499999999464,0.5105237435932632,0.20249465641769895,0.49075,-0.01074056766810827,0.01613836083561182,1.9317209362983703,0.01260381712103822,3.949459394052591e-06,6107.248601675034
282,1692000,161304861.80664062,0.0,0.0,0.13749999999999218,0.5102491070108252,0.20257096321514553,0.4901,-0.010241912945639342,0.017188192903995515,1.9316082894802094,0.009702374725716823,3.648056016061047e-06,6141.831581354141
283,1698000,161622403.3046875,0.0,0.0,0.09749999999999447,0.5102128252560681,0.20281660071315205,0.48995,-0.011114824596734251,0.017170299682766198,1.931492233276367,0.009693101704979768,3.3627566085983334e-06,6176.017852544785
284,1704000,161415790.68945312,0.0,0.0,0.11937499999999321,0.5102135863492593,0.20276855734841462,0.48945833333333333,-0.010106246429495513,0.016733328951522707,1.931424516439438,0.009164184776274276,3.0935924579595007e-06,6210.949269294739
285,1710000,161763058.29296875,0.0,0.0,0.08749999999999503,0.5103337903293123,0.20251979992447217,0.4886083333333333,-0.010792454273905605,0.016671774396672844,1.9313110768795014,0.00892059603826354,2.8405930810269163e-06,6244.213967561722
286,1716000,161469436.14648438,0.0,0.0,0.09416666666666132,0.5103310563322268,0.20268601682595613,0.49066666666666664,-0.010871251071512234,0.017113817017525436,1.9312100410461426,0.009552740755052015,2.603786222033241e-06,6278.070988178253
287,1722000,161341622.0,0.0,0.0,0.12749999999999273,0.5103272975469444,0.202260918683421,0.4903,-0.011020274746988435,0.01727816010825336,1.9311070322990418,0.0094202903061678,2.383197849519179e-06,6311.830507040024
288,1728000,161530764.42382812,0.0,0.0,0.08249999999999531,0.5101789402767338,0.20235339275157282,0.48836666666666667,-0.010573399293934926,0.01710612545721233,1.9310018301010132,0.0062187993660813845,2.1788521534855718e-06,6344.849648714066
289,1734000,160995249.9921875,0.0,0.0,0.10124999999999425,0.5099929650232504,0.20255540598408153,0.491325,-0.010934343218104913,0.017333149956539274,1.9309006035327911,0.007407660256777149,1.9907715427407294e-06,6377.807824134827
290,1740000,161638800.38085938,0.0,0.0,0.10999999999999374,0.5100380238756919,0.20255718414426785,0.489025,-0.010559327627561288,0.016498319758102297,1.9308081686496734,0.0067156240962333415,1.8189766424431416e-06,6410.562477588654
291,1746000,162223661.9140625,0.0,0.0,0.13687499999999223,0.5098884317258227,0.20233611490778822,0.49073333333333335,-0.0094226493088172,0.01630542161874473,1.930721354484558,0.006624658817960949,1.6634862918395394e-06,6445.323452234268
292,1752000,161690377.84960938,0.0,0.0,0.0824999999999953,0.5097555162701324,0.20255754560440278,0.48980833333333335,-0.009781166424636467,0.016471373802050947,1.9306435942649842,0.006220940892660565,1.5243175421990958e-06,6479.54053068161
293,1758000,161538952.48046875,0.0,0.0,0.11374999999999354,0.509889683381546,0.2022360019051646,0.490025,-0.009734832894173451,0.01740026897750795,1.930557554960251,0.007148257228958954,1.4014856549435141e-06,6512.838280677795
294,1764000,161652259.7421875,0.0,0.0,0.11749999999999332,0.5097236065787996,0.20234863945819542,0.48728333333333335,-0.008454712940147147,0.016497665224596857,1.9304949998855592,0.0031716651734557287,1.2950040999734014e-06,6546.030529022217
295,1770000,161546735.07226562,0.0,0.0,0.1241666666666596,0.5097591084396974,0.2022992798813161,0.48895,-0.011453757593699265,0.01809190884232521,1.9304113209247589,0.008640368418943467,1.2048845541912115e-06,6579.530911207199
296,1776000,161737812.84179688,0.0,0.0,0.08249999999999531,0.5095539736974115,0.2023339208376568,0.4902416666666667,-0.008494761104520876,0.0166024639736861,1.9303454339504242,0.002764522043452189,1.1311369002206714e-06,6612.349557876587
297,1782000,161466492.01757812,0.0,0.0,0.03833333333333115,0.509761417469738,0.20200659892308262,0.491675,-0.009092612232780083,0.01675266455858946,1.9302718698978425,0.00917044144464967,1.0737692253231256e-06,6646.706869363785
298,1788000,162025288.68945312,0.0,0.0,0.10874999999999381,0.5096255356610864,0.2023241921749406,0.4916583333333333,-0.009315017220797018,0.016900850785896183,1.930200719833374,0.004119619105813399,1.0327878205105978e-06,6682.140473842621
299,1794000,161309724.546875,0.0,0.0,0.08833333333332831,0.5090716995448654,0.20276863198003536,0.491025,-0.007548132567899301,0.01731946230866015,1.9301456212997437,0.005995314189794954,1.0081971798559346e-06,6718.145122528076
300,1800000,161831562.921875,0.0,0.0,0.18999999999998918,0.5089583291597822,0.2028163373562144,0.4916583333333333,-0.010176322713959962,0.016645726654678582,1.93007732629776,0.005422521682026016,1e-06,6751.7959616184235
