update,environment_steps,mean_episode_return,all_hit_rate,all_sync_rate,hit_fraction,target_coverage_rate,complete_group_rate,coordinated_group_rate,mean_sync_spread_s,trust_mean,trust_std,guided_action_fraction,actor_update_fraction,completed_episodes,policy_loss,value_loss,entropy,approx_kl,importance_ratio,actor_grad_norm,critic_grad_norm,adaptive_kl_coef,actor_lr,wall_time_s
1,1024,442641.91109279916,1.0,1.0,1.0,1.0,1.0,1.0,0.07500000000000107,0.7694875772719764,0.021730335703840083,0.19359138682389132,0.8064086131761087,1,-0.012260564789175987,1.0569965213537216,2.76162132024765,0.19660865528640675,0.8709754198789597,1.1414497941732407,8.87297324500978,0.0656840835571289,0.0002998847409179881,23.829134941101074
2,2048,418763.8998608738,0.0,0.0,0.95,1.0,0.875,0.875,0.05714285714285795,0.7694875772719764,0.021730335703840083,0.2276179516685846,0.7723820483314154,0,-0.005573377478867769,0.347541169077158,2.7574002623558043,-0.003650825248264056,1.000497254729271,3.3680320382118225,3.278327864408493,0.31381059609000017,0.0002995391413931026,44.790839195251465
3,3072,442431.9536933042,0.5,0.5,0.975,1.0,0.9375,0.9375,0.05357142857142911,0.7377075157466966,0.040853889769622204,0.23443509280419153,0.7655649071958085,2,-0.009078890178352594,0.1866634987294674,2.7411167860031127,-0.047703904864359714,1.0641715943813324,3.6802912294864654,1.2539270892739296,0.40381761807666733,0.00029896373431476147,68.9254949092865
4,4096,882623.3749735467,1.0,1.0,1.0,1.0,1.0,1.0,0.06875000000000098,0.7110873536887785,0.058043636681523465,0.2680781758957655,0.7319218241042346,2,0.00019658752717077732,0.22194512858986853,2.7260130763053896,-0.013274020955472388,1.015063863992691,1.2108457744121552,1.9005716532468795,0.054549772300548256,0.00029815940691897306,92.72359657287598
5,5120,442812.1680291258,1.0,1.0,1.0,1.0,1.0,1.0,0.07500000000000107,0.6899143901495493,0.07440459875246803,0.28225806451612906,0.717741935483871,1,0.0013300485559739172,0.11672592610120773,2.716361391544342,0.019761429432381794,0.9867691725492478,1.4024420097470283,2.5941390678286553,0.17831558918967522,0.00029712739942028293,116.03229784965515
6,6144,882525.2564195567,1.0,1.0,1.0,1.0,1.0,1.0,0.0843750000000012,0.6706408838499013,0.0890598366816382,0.31518017283548017,0.6848198271645198,2,0.008972316328436137,0.14008598811924458,2.7056774258613587,0.03277697251442897,0.9768275529146194,2.328670305013657,2.376236841082573,0.9,0.00029586930309945264,139.01215243339539
7,7168,816781.4340655133,1.0,1.0,1.0,1.0,1.0,1.0,0.07500000000000107,0.6527493642251971,0.102461591279085,0.3245784695201038,0.6754215304798963,1,-0.0002917488571256399,0.09782063513994217,2.690884232521057,-0.013619522294890718,1.0161382675170898,1.0918805330991745,2.3114134818315506,0.10941898913151243,0.00029438705784982027,162.32727360725403
8,8192,508608.509160202,1.0,1.0,1.0,1.0,1.0,1.0,0.07187500000000102,0.6376305384363947,0.1146036284935252,0.3391057120703024,0.6608942879296976,2,0.00274412021972239,0.02935284995473921,2.674492931365967,0.009019832828013908,0.9945143580436706,1.7034512594342233,0.8814558610320091,0.14080249715586995,0.0002926829491861255,185.9455292224884
9,9216,882547.8707701229,1.0,1.0,1.0,1.0,1.0,1.0,0.07187500000000102,0.623991262597771,0.12567016985950688,0.37571529783639435,0.6242847021636057,2,0.002201202977448702,0.0554670081473887,2.6651100277900697,0.016375294417914965,0.988470247387886,1.5895458787679673,1.1048275612294673,0.2236881600399357,0.0002907596047204114,209.04926300048828
10,10240,640855.7506550299,1.0,1.0,1.0,1.0,1.0,1.0,0.08750000000000124,0.611873095686916,0.13561778533660354,0.37877292326874124,0.6212270767312588,1,0.00013574422628153114,0.04545107763260603,2.655761444568634,0.018893198708247905,0.992835620045662,1.1351095095276833,1.1536314718425273,0.3249801612981831,0.00028861999011043737,232.41994166374207
11,11264,684517.036907699,1.0,1.0,1.0,1.0,1.0,1.0,0.08750000000000124,0.6000965578968283,0.14416063204850096,0.41059994619316653,0.5894000538068335,2,-0.00029060523957014084,0.03374708145856857,2.6474759936332704,0.005093457736074924,0.9961913079023361,1.8928907334804534,1.1786873087286949,0.4181908332374037,0.00028626740448684966,255.563622713089
12,12288,882590.5069320304,1.0,1.0,1.0,1.0,1.0,1.0,0.07812500000000111,0.5895695908100624,0.15227558347451742,0.41047251372954163,0.5895274862704584,2,-0.0014456205535680056,0.044335144199430944,2.6341431617736815,0.008710144859560454,1.0031417191028595,1.0484093084931374,1.1128293246030807,0.3228816903257012,0.00028370547536616097,279.2172281742096
13,13312,442828.1066003069,1.0,1.0,1.0,1.0,1.0,1.0,0.08750000000000124,0.5797887617120038,0.15939289377586582,0.41468325675047757,0.5853167432495224,1,-0.0015337104210630058,0.01578048449009657,2.6209130764007567,0.010871473566625678,0.98856161236763,1.0645566403865814,0.307535794377327,0.13678698920533444,0.0002809381530573832,302.70171666145325
14,14336,882515.2406858299,1.0,1.0,1.0,1.0,1.0,1.0,0.06250000000000089,0.5699592922688501,0.16539103834133756,0.4289299939979266,0.5710700060020735,2,-0.0003697792999446392,0.032442909013479945,2.6101213574409483,-0.003838548868214664,1.0106037616729737,2.0929496079683303,0.3805191803723574,0.17602017539565534,0.0002779697045709368,325.7960433959961
15,15360,882772.6753179431,1.0,1.0,1.0,1.0,1.0,1.0,0.06875000000000098,0.5619756974944368,0.17119308326586544,0.4489007400957771,0.5510992599042229,2,-0.01013849510345608,0.030271998886018992,2.597956955432892,0.016331079103137157,0.9829930394887925,1.597519290447235,0.6517117604613304,0.15343610045771378,0.00027480470703923057,349.7827389240265
16,16384,442609.533302702,1.0,1.0,1.0,1.0,1.0,1.0,0.08750000000000124,0.5568187520519351,0.17711156547086476,0.4530139103554869,0.5469860896445131,1,-0.008686255710199476,0.012683060113340616,2.586835968494415,0.010373727438237746,0.9840689182281495,1.3619763731956482,0.21384695451706648,0.07222481121954044,0.00027144804065905466,373.20307517051697
17,17408,882541.5005458817,1.0,1.0,1.0,1.0,1.0,1.0,0.07812500000000111,0.5520645987646213,0.1821257294062923,0.46712067556524106,0.5328793244347589,2,-0.006278928206302226,0.024443123675882816,2.577616512775421,0.02242400758254881,0.9798908740282058,2.182576385140419,0.35973836928606034,0.23609282355512198,0.0002679048811666714,396.52278304100037
18,18432,640833.4032326788,1.0,1.0,1.0,1.0,1.0,1.0,0.08125000000000115,0.5480162414523925,0.18655486181944794,0.44708773397469415,0.5529122660253059,1,-0.009531614326988347,0.02064774273894727,2.5658553004264832,0.01768981693087479,0.9752956420183182,1.6419426500797272,0.249040949344635,0.22866799287779024,0.0002641806918572047,420.09421968460083
19,19456,684481.0425982438,1.0,1.0,1.0,1.0,1.0,1.0,0.08750000000000124,0.5453133453276627,0.19095494413629074,0.4631228879472188,0.5368771120527812,2,-0.009805768210208043,0.014071574597619475,2.5541038393974302,0.015202279872757529,0.9831886857748031,1.8544512242078781,0.29385974630713463,0.12152354680296575,0.00026028121516063503,443.2169849872589
20,20480,882540.8851432949,1.0,1.0,1.0,1.0,1.0,1.0,0.09062500000000129,0.5427733412886073,0.19497122584058096,0.4556438445629694,0.5443561554370306,2,-0.008996811753604561,0.02501365840435028,2.544366383552551,0.020710604231871432,0.9813470512628555,2.2454592138528824,0.32046234868466855,0.19616963303091411,0.0002562124637873889,466.3531789779663
21,21504,486823.5162943825,1.0,1.0,1.0,1.0,1.0,1.0,0.08750000000000124,0.540737577495747,0.19836400987956482,0.4690963451724316,0.5309036548275684,1,-0.0037731649354100227,0.016991683817468583,2.534274768829346,0.015509397619636456,0.9852537482976913,1.4530808866024016,0.3450637707486749,0.14074099102923573,0.00025198071145717487,489.59430503845215
22,22528,838454.804013893,1.0,1.0,1.0,1.0,1.0,1.0,0.08750000000000124,0.538806799820352,0.2016221603585108,0.48135666920317427,0.5186433307968258,2,-0.008739898074418306,0.01856671376153827,2.5237178683280943,0.013018559475774617,1.0054820388555528,1.9687547549605369,0.2100711591541767,0.0993735321506591,0.00024759248322536254,512.5617353916168
23,23552,882560.7286040448,1.0,1.0,1.0,1.0,1.0,1.0,0.08125000000000115,0.5368481106042904,0.2046667085442897,0.47506533101045295,0.524934668989547,2,-0.0032441266113892196,0.02299482962116599,2.5144389629364015,0.015119372735059278,1.0178225874900817,3.7293341040611265,0.3371662437915802,0.32483820166424077,0.0002430545454218202,535.9656088352203
24,24576,442799.867498979,1.0,1.0,1.0,1.0,1.0,1.0,0.08125000000000115,0.5349384092967897,0.2072652209630284,0.4883313585080624,0.5116686414919376,1,-0.0008114438911434263,0.01152540068142116,2.5058133482933043,0.010520182087102014,0.9985825806856156,2.9272244453430174,0.27297549732029436,0.2293597568183829,0.00023837389521772477,559.287056684494
25,25600,882451.3779142397,1.0,1.0,1.0,1.0,1.0,1.0,0.09062500000000129,0.5334365835660645,0.20962997342941436,0.47272627896808045,0.5272737210319195,2,-0.00763791766948998,0.022002350678667425,2.495738661289215,0.016274164232362498,1.0050773739814758,3.328140050172806,0.23675583824515342,0.33322000928812123,0.00023355774983643056,582.3805551528931
26,26624,882567.9062846669,1.0,1.0,1.0,1.0,1.0,1.0,0.08750000000000124,0.5323186139149719,0.21160182509259332,0.4946230689448114,0.5053769310551885,2,-0.004625187581405043,0.023425194481387735,2.4861719727516176,0.015172257413244506,1.0104091733694076,2.997338664531708,0.29811672065407036,0.2614199243595517,0.00022861353542503438,605.4582123756409
27,27648,442745.6081491336,1.0,1.0,1.0,1.0,1.0,1.0,0.08125000000000115,0.5311152790332906,0.21329867129544908,0.4648163433759802,0.5351836566240198,1,-0.005795912654139102,0.011294371250551194,2.476875627040863,0.0198815971147873,0.9922493070363998,2.3721999883651734,0.25014098472893237,0.1543658511350717,0.00022354887560379483,628.9139394760132
28,28672,882487.4729974344,1.0,1.0,1.0,1.0,1.0,1.0,0.09062500000000129,0.5298242798514836,0.21475794828117886,0.49272360603913445,0.5072763939608655,2,-0.004650943295564503,0.025377138424664734,2.4690404534339905,0.019617733927513824,1.031242573261261,3.3704428136348725,0.13590866550803185,0.5046004141733027,0.00021837157971106228,652.3204696178436
29,29696,860715.8240963847,1.0,1.0,1.0,1.0,1.0,1.0,0.06250000000000089,0.5282205053925166,0.2161397758893251,0.4811418590688281,0.5188581409311719,1,0.0006997917778789997,0.027190085779875518,2.4608643412590028,0.016563617978590094,1.0124997824430466,4.229458194971085,0.34145503360778096,0.2979614985651936,0.00021308963076184555,675.464601278305
30,30720,404.33048149198294,0.0,0.0,0.95,1.0,0.875,0.875,0.08571428571428694,0.5258481307908041,0.2182378756320713,0.5173326276792802,0.48266737232071977,1,-0.000541788898408413,0.03050219235010445,2.454145884513855,0.012792285821363335,0.9961158633232117,2.03665554523468,0.27751402808353304,0.12826265497477793,0.00020771117313858096,697.4603650569916
31,31744,640814.4667795002,1.0,1.0,1.0,1.0,1.0,1.0,0.08750000000000124,0.5245583856690861,0.21905385852504727,0.4816086571978565,0.5183913428021435,1,-0.007410275918664411,0.04717716239392757,2.449563193321228,0.01299754927054284,1.0758285105228425,2.352880668640137,0.396286141872406,0.13584435822130866,0.00020224450003308525,721.0794427394867
32,32768,684458.4761857539,1.0,1.0,1.0,1.0,1.0,1.0,0.07500000000000107,0.523177693098744,0.21974682390848427,0.4857731288277058,0.5142268711722942,2,0.0012262883712537587,0.030252984166145323,2.4440778374671934,0.0007990226520377064,1.940278336405754,4.029974612593651,0.19356115199625493,0.10657349757223095,0.0001966980406590547,744.4833731651306
33,33792,882545.5258293143,1.0,1.0,1.0,1.0,1.0,1.0,0.09062500000000129,0.5216973838487491,0.220008425969246,0.4967791243585544,0.5032208756414456,2,5.771659780293703e-05,0.04789253231137991,2.440283107757568,0.020143574869957704,0.9914695173501968,3.51544548869133,0.4055723499506712,0.3185860844434725,0.00019108034725482865,767.7918181419373
34,34816,442818.67325891554,1.0,1.0,1.0,1.0,1.0,1.0,0.08125000000000115,0.5205194810557907,0.22032444812469668,0.4918724279835391,0.5081275720164609,1,0.014042652491480113,0.02360467817634344,2.435094952583313,-0.0015272157709249612,3.16720669567585,2.989434468746185,0.26770541351288557,0.20245077035700007,0.0001854000818964579,791.2490904331207
35,35840,859899.7213503332,1.0,1.0,1.0,1.0,1.0,1.0,0.07500000000000107,0.5192153676591685,0.22076184165767396,0.4774527726995734,0.5225472273004266,1,-0.004013993218541146,0.0374636173248291,2.428583085536957,0.011567980441246562,1.0059858858585358,3.22022630572319,0.20920114275068044,0.15882799231152478,0.00017966600314141124,813.2517187595367
36,36864,1192.2060205042362,0.0,0.0,0.95,1.0,0.875,0.875,0.08571428571428694,0.5151538487381218,0.2193828596510858,0.4681833168480053,0.5318166831519947,1,-0.0028853542637079952,0.010453239514026791,2.4219541430473326,0.03065041707947618,0.9963586390018463,2.468472126126289,0.09775081146508455,0.5275481691376815,0.00017388695252351457,835.2888088226318
37,37888,882488.3544574901,1.0,1.0,1.0,1.0,1.0,1.0,0.07812500000000111,0.5142908181666125,0.21991021050180193,0.5045715849986313,0.49542841500136875,2,0.0010479426477104426,0.06448773369193077,2.4139116287231444,-0.012259319904726063,2.3684678852558134,3.613386470079422,0.621253639832139,0.16292623466732498,0.0001680718409199468,858.6638231277466
38,38912,728773.4597081356,1.0,1.0,1.0,1.0,1.0,1.0,0.07500000000000107,0.5135293653778978,0.21991619871898896,0.4995461583640344,0.5004538416359656,1,0.00712453001178801,0.05979165639728308,2.4073997497558595,-0.020418256797585778,48.080907833576205,3.546624666452408,0.7453570805490017,0.31381059609000017,0.00016222963481131287,881.7523481845856
39,39936,596524.4842712029,1.0,1.0,1.0,1.0,1.0,1.0,0.08750000000000124,0.5128268280046182,0.22011056085988664,0.4917799557382232,0.5082200442617768,2,-0.0031778927892446517,0.028879976831376553,2.399182844161987,0.005279779071971869,0.9998001724481582,1.1963837459683417,0.36191758401691915,0.05814973700304011,0.0001563693424559808,904.924586057663
40,40960,882533.4553251304,1.0,1.0,1.0,1.0,1.0,1.0,0.07812500000000111,0.5122439612840763,0.22021565704347873,0.5050340136054422,0.4949659863945578,2,-0.005954995896900073,0.050716142542660235,2.3939881324768066,0.023214879615842322,1.005629625916481,1.194379597902298,0.6747714962810278,0.10429814604138517,0.00015050000000000003,928.327260017395
41,41984,640828.0636631609,1.0,1.0,1.0,1.0,1.0,1.0,0.10000000000000142,0.5112310398956603,0.2202842128706585,0.4916189484643415,0.5083810515356585,1,-0.005142876552417875,0.040186292864382266,2.3909698605537413,0.02278066587541101,0.9873059451580047,1.155457577109337,0.7506603039801121,0.11405002269625468,0.00014463065754401932,951.6469087600708
42,43008,684469.6993061833,1.0,1.0,1.0,1.0,1.0,1.0,0.08750000000000124,0.5096461247658006,0.22010773894066388,0.5084553460478686,0.49154465395213137,2,-0.0024176025064662097,0.022468214947730304,2.387608301639557,0.024046784077617355,1.006598073244095,1.3120688259601594,0.42376303374767305,0.08314246654556966,0.00013877036518868723,974.7501215934753
43,44032,882582.0188347064,1.0,1.0,1.0,1.0,1.0,1.0,0.06562500000000093,0.507549868488588,0.219726792921863,0.5102207241491791,0.4897792758508209,2,0.00642911687027663,0.029822671413421632,2.3858426094055174,0.027806847450133267,0.9918198823928833,3.248974034190178,0.2114703930914402,0.5314410000000002,0.00013292815908005334,997.9850444793701
44,45056,442820.4120770663,1.0,1.0,1.0,1.0,1.0,1.0,0.08750000000000124,0.5057853075513016,0.2194324309910624,0.49950993035852465,0.5004900696414754,1,-0.0037948681972920896,0.016564284008927642,2.38052042722702,0.0041128499174334365,0.9967865705490112,1.3657748386263848,0.2593104265630245,0.07178979876918531,0.00012711304747648557,1021.2117786407471
45,46080,882477.6899228813,1.0,1.0,1.0,1.0,1.0,1.0,0.0843750000000012,0.5048572146701391,0.21925926563794926,0.5000272257010618,0.4999727742989382,2,0.0007411973492708057,0.026715832622721793,2.3751856327056884,0.02836554320208584,1.008474388718605,3.2666547030210493,0.35853377655148505,0.15896684353206092,0.00012133399685858888,1044.3368566036224
46,47104,882583.0827968046,1.0,1.0,1.0,1.0,1.0,1.0,0.09375000000000133,0.5042166920606715,0.21938731398914432,0.5099803664921466,0.4900196335078534,2,-0.0019675379851832988,0.027000112272799016,2.3730030179023744,0.014606850094158918,0.9899253815412521,2.822566497325897,0.5151037774980068,0.15396753063994384,0.0001155999181035422,1067.7684128284454
47,48128,419714.65815614164,0.0,0.0,0.95,1.0,0.875,0.875,0.0785714285714297,0.5042166920606715,0.21938731398914432,0.495471834812534,0.504528165187466,0,0.005684789828956127,0.02342724883928895,2.370214653015137,0.03074100934835684,0.9915561527013779,3.8962896168231964,0.25745002925395966,0.5904900000000002,0.00010991965274517141,1090.3832359313965
48,49152,265652.3452663459,0.0,0.0,0.95,1.0,0.875,0.875,0.0785714285714297,0.5010985053627093,0.2174553293472733,0.47748055721733185,0.5225194427826682,1,-0.004389920551329851,0.018536511389538646,2.3652732253074644,0.010317053344187333,0.99703628718853,2.1177029848098754,0.17623283937573433,0.25015772549499865,0.0001043019593409454,1112.7190766334534
49,50176,618517.9198351055,1.0,1.0,1.0,1.0,1.0,1.0,0.07812500000000111,0.5012743961472569,0.21741946040548488,0.4981729598051157,0.5018270401948843,2,-0.007572965696454048,0.014272430003620684,2.3617106676101685,0.013534880892051859,0.9973754614591599,2.0205785498023032,0.14288594461977483,0.08722460550456015,9.875549996691486e-05,1135.862074136734
50,51200,882537.1435443517,1.0,1.0,1.0,1.0,1.0,1.0,0.07500000000000107,0.5011928104168841,0.21766598203459164,0.5134693877551021,0.48653061224489796,2,-0.004659997241105884,0.023929880978539587,2.3589629769325255,0.023555064158581284,0.9784276932477951,3.7543507367372513,0.17602422945201396,0.21120374573380493,9.328882686141912e-05,1158.7159123420715
51,52224,640831.062054819,1.0,1.0,1.0,1.0,1.0,1.0,0.09375000000000133,0.5013435454433999,0.21786288607815577,0.513126491646778,0.48687350835322196,1,-0.005227069836109877,0.022005914198234677,2.355962336063385,0.019853932088501836,0.9883684694766999,3.47269883453846,0.2703898997977376,0.22729071791895106,8.791036923815458e-05,1181.4182107448578
52,53248,684453.3613525983,1.0,1.0,1.0,1.0,1.0,1.0,0.07812500000000111,0.5017337241128038,0.2181040596072456,0.5108100785694933,0.48918992143050666,2,-0.006216837093234062,0.014248451171442866,2.352873611450195,0.019199123118978284,0.9905807644128799,2.4949561834335325,0.10799047509208322,0.20131934403594215,8.26284202889378e-05,1204.0425596237183
53,54272,882549.8629846461,1.0,1.0,1.0,1.0,1.0,1.0,0.07187500000000102,0.5019110038095168,0.21839583543279367,0.512380017452007,0.487619982547993,2,0.004831270640715956,0.025050022080540656,2.350130796432495,0.019855763970057262,0.9898360967636108,4.418979692459106,0.17180871572345496,0.5904900000000002,7.745112439620525e-05,1227.246321439743
54,55296,442803.2245988101,1.0,1.0,1.0,1.0,1.0,1.0,0.07500000000000107,0.5020827035593997,0.21854946508081974,0.5030134445989801,0.49698655540101994,1,-0.007059774687513709,0.012408373784273863,2.3472142934799196,0.00934929553249991,1.0045215338468552,3.319562605023384,0.11723542790859938,0.2058911320946491,7.238646457496569e-05,1250.7754566669464
55,56320,418361.76810497604,0.0,0.0,0.95,1.0,0.875,0.875,0.10000000000000142,0.49980597761136725,0.21726620021339307,0.5258467023172906,0.4741532976827095,1,-0.03691464512376115,0.02405603602528572,2.3445900321006774,-0.054716139162106714,9.248751124739647,5.702859646081924,0.16820197347551585,0.21460523876828216,6.744225016356949e-05,1272.0559630393982
56,57344,442735.1569660483,1.0,1.0,1.0,1.0,1.0,1.0,0.08125000000000115,0.5004355593380132,0.21757030915969608,0.5060743333676516,0.4939256666323484,1,-0.007670451223384589,0.012002345896326006,2.3429293036460876,0.014717410926552432,0.9996116071939468,1.5607699155807495,0.1563331700861454,0.12471369981835449,6.262610478227531e-05,1294.9983637332916
57,58368,418670.94379357994,0.0,0.0,0.95,1.0,0.875,0.875,0.0785714285714297,0.5004355593380132,0.21757030915969608,0.6057203956161454,0.39427960438385456,0,0.015852410066872834,0.016717381798662244,2.3407642006874085,-0.007900828682551975,1.0361065059900283,8.97955105304718,0.15110418815165758,0.43046721000000016,5.794545457817988e-05,1316.5181982517242
58,59392,419665.54943443835,0.0,0.0,0.95,1.0,0.875,0.875,0.0785714285714297,0.4999591834828042,0.21863564279251144,0.5159817351598174,0.4840182648401826,1,-0.004893386876210571,0.01774715455248952,2.3389574885368347,0.013712877671304736,1.001439282298088,1.7726564824581146,0.10279049444943666,0.2779530283277763,5.340751677463759e-05,1339.1032190322876
59,60416,1414.8649850822985,0.0,0.0,0.95,1.0,0.875,0.875,0.09285714285714418,0.49891446832305153,0.21915055597263017,0.49193083573487034,0.5080691642651297,1,-0.00495383299421519,0.0010163305603782646,2.336690878868103,0.009665486018957314,1.0082086145877838,1.8063275545835495,0.052562633715569976,0.07850214495410414,4.901928854282526e-05,1361.34889793396
60,61440,882433.082467366,1.0,1.0,1.0,1.0,1.0,1.0,0.07812500000000111,0.4996316954770098,0.21916591167756824,0.511867565641616,0.48813243435838405,2,-0.00908099350053817,0.03070555320009589,2.335762345790863,0.02139936648720382,0.9914588153362274,1.6493235588073731,0.17678964659571647,0.07725788595658159,4.4787536212611175e-05,1384.7271196842194
61,62464,419128.015673995,0.0,0.0,0.95,1.0,0.875,0.875,0.0785714285714297,0.4996316954770098,0.21916591167756824,0.5277983691623425,0.47220163083765754,0,0.002578873746097088,0.01834758957847953,2.3354182481765746,0.03567453556188198,0.977815768122673,5.368444436788559,0.132962354645133,0.7290000000000001,4.071878483936501e-05,1406.4402503967285
62,63488,441976.73067887756,0.5,0.5,0.975,1.0,0.9375,0.9375,0.0861607142857155,0.49933014027873235,0.21938188614385995,0.5140964011952709,0.4859035988047291,2,-0.0009605288039892911,0.014856826327741147,2.334285354614258,0.007901338995645801,1.0029613882303239,2.616194811463356,0.1347644911147654,0.2779530283277763,3.681930814279539e-05,1429.239248752594
63,64512,706786.1470184699,1.0,1.0,1.0,1.0,1.0,1.0,0.08125000000000115,0.5000300724495423,0.2192386978234009,0.5243383994048252,0.4756616005951748,1,-0.004949218151159585,0.026038772892206907,2.332794523239136,0.020119309492080895,0.9727052122354507,4.177271610498428,0.15960395019501447,0.27354747282878106,3.309511883332863e-05,1452.5578229427338
64,65536,618496.4367486655,1.0,1.0,1.0,1.0,1.0,1.0,0.09062500000000129,0.5003495697866086,0.21919370968599589,0.5102854409185138,0.4897145590814862,2,-0.006378520792350173,0.01454578343546018,2.3318685054779054,0.01230859071672299,0.9905926287174225,2.6881469160318376,0.13213363885879517,0.13083690825684025,2.9551959340945387e-05,1476.308839559555
65,66560,882519.8735100478,1.0,1.0,1.0,1.0,1.0,1.0,0.0843750000000012,0.5008680980704848,0.21915170761338523,0.5242548537052228,0.47574514629477715,2,-0.006034779397305101,0.02419558120891452,2.3312155485153196,0.026118121467675247,0.9740204900503159,2.9760730445384977,0.13591001480817794,0.5280093643345125,2.619529296076953e-05,1499.111835718155
66,67584,618826.7412276566,1.0,1.0,1.0,1.0,1.0,1.0,0.07500000000000107,0.5008307450834673,0.21888096514436017,0.5084596678222176,0.49154033217778237,1,-0.0002941362326964736,0.020890595065429805,2.3306298732757567,0.005357329302577441,1.0000783443450927,7.228566300868988,0.11201556436717511,0.2236881600399358,2.3030295429063227e-05,1521.7812957763672
67,68608,706439.5954724164,1.0,1.0,1.0,1.0,1.0,1.0,0.08125000000000115,0.5010868100263552,0.21883811151097343,0.5178813697292017,0.48211863027079827,2,-0.0071197680779732766,0.013795132748782635,2.330081415176392,0.01631540368054516,0.981508395075798,3.340129607915878,0.0837933394126594,0.14443562724363698,2.0061846942616862e-05,1545.2694063186646
68,69632,882547.933419738,1.0,1.0,1.0,1.0,1.0,1.0,0.07500000000000107,0.5014533270719868,0.21872392682110098,0.5171811934111487,0.4828188065888513,2,-0.009910188661888242,0.024200511211529375,2.3296517014503477,0.02382825369794763,0.9735079824924469,3.467827448248863,0.12667738012969493,0.21321948382773798,1.729452463383902e-05,1568.3862812519073
69,70656,442802.6366489921,1.0,1.0,1.0,1.0,1.0,1.0,0.09375000000000133,0.5014736632115773,0.21851349967946507,0.4998710609108257,0.5001289390891743,1,-0.007131936878431588,0.011828629719093441,2.32927463054657,0.013748471981325217,0.9844649374485016,2.9553249716758727,0.0635447409003973,0.12390839503330481,1.4732595513150342e-05,1591.3735847473145
70,71680,418351.8264984414,0.0,0.0,0.95,1.0,0.875,0.875,0.0785714285714297,0.500646347740168,0.21921099235415437,0.6044721407624634,0.39552785923753664,1,0.009657165687531232,0.014808745053596795,2.329094171524048,0.04096884072114655,0.994204330444336,25.574035811424256,0.13488695546984672,0.7290000000000001,1.2380009889562637e-05,1612.4530909061432
71,72704,442716.9773721546,1.0,1.0,1.0,1.0,1.0,1.0,0.08125000000000115,0.5011491840607498,0.21897218070878083,0.510703048434518,0.48929695156548203,1,-0.00192301778588444,0.014461092511191964,2.3289394974708557,0.0032292448383348217,0.9981443673372269,4.576813197135925,0.11432677209377289,0.10941898913151243,1.0240395279588622e-05,1635.4244236946106
72,73728,882493.3804661147,1.0,1.0,1.0,1.0,1.0,1.0,0.07187500000000102,0.5011843989888902,0.2188827491579977,0.5130996007219821,0.4869003992780178,2,-0.008974418789148331,0.026642121002078058,2.3287012219429015,0.021986432036467284,0.9774435222148895,5.094060948491096,0.13202669695019723,0.21806151376140043,8.31705081387455e-06,1659.3308625221252
73,74752,750776.059182141,1.0,1.0,1.0,1.0,1.0,1.0,0.08750000000000124,0.5015674050242872,0.2189335040912949,0.5201066666666667,0.47989333333333334,1,-0.00657075266353786,0.023950963281095028,2.32849326133728,0.012900510406482013,0.9853047817945481,5.556713825464248,0.14428209252655505,0.1140500226962547,6.612942150179751e-06,1682.874927997589
74,75776,574525.0096016265,1.0,1.0,1.0,1.0,1.0,1.0,0.0843750000000012,0.5014765173719844,0.21876174315720293,0.5100084281500211,0.48999157184997894,2,-0.007920817309059202,0.012275621155276894,2.3283294081687926,0.010636987581102986,0.9882332414388657,4.557171019911766,0.06535387467592954,0.028989985541175673,5.130696900547356e-06,1705.9774377346039
75,76800,882509.4283042923,1.0,1.0,1.0,1.0,1.0,1.0,0.08125000000000115,0.5014895518876812,0.21860449834276582,0.5043473505769126,0.49565264942308745,2,-0.012591564015019685,0.023325135512277485,2.3281896352767943,0.02339660939635261,0.9784319937229157,8.030372297763824,0.14130776822566987,0.07799523871156394,3.872600579717052e-06,1728.5150878429413
76,77824,640819.5090291612,1.0,1.0,1.0,1.0,1.0,1.0,0.07500000000000107,0.501257650914352,0.21839798576367211,0.5019280875455967,0.49807191245440335,1,-0.010952742141671478,0.021790339099243283,2.328098702430725,0.014711444104849392,0.9828948706388474,7.919554427266121,0.09645054554566741,0.04532543028195876,2.840593081026921e-06,1752.0829799175262
77,78848,684462.8628971986,1.0,1.0,1.0,1.0,1.0,1.0,0.07812500000000111,0.5013424960799092,0.218271072053257,0.5003776027618945,0.49962239723810553,2,-0.0074872845783829686,0.012659005727618933,2.328019654750824,0.008520848598405628,0.9877795904874802,6.88031016588211,0.0992941171862185,0.011521116238801948,2.0362656852385196e-06,1774.8539397716522
78,79872,882541.4890063005,1.0,1.0,1.0,1.0,1.0,1.0,0.0843750000000012,0.5010682227560392,0.2181366060834519,0.5169759825327511,0.48302401746724893,2,-0.01077880952943815,0.022755336854606865,2.327962803840637,0.012754011864855386,0.9845089882612228,11.928560042381287,0.09501050636172295,0.004959462763402769,1.4608586068973696e-06,1797.1229102611542
79,80896,486807.2058828934,1.0,1.0,1.0,1.0,1.0,1.0,0.08125000000000115,0.5008212011098742,0.21769310941588155,0.5094953039529363,0.4905046960470637,1,-0.005826169159263372,0.014284155564382672,2.327919292449951,0.007356845786389598,0.9908667385578156,8.265906083583832,0.0883828081190586,0.0012606288925163611,1.1152590820119264e-06,1820.055942773819
80,81920,838443.1669558715,1.0,1.0,1.0,1.0,1.0,1.0,0.0843750000000012,0.500818529023823,0.21794077639150242,0.5225087412587412,0.47749125874125875,2,-0.006437481241300702,0.019194104801863433,2.3278870701789858,0.005206684806186956,0.991933411359787,11.696378016471863,0.0836277013644576,0.00021023737096344814,1e-06,1841.6071944236755
