condition,case,variant,episode,seed,attack_pattern,assignment_mode,target_coverage_success,all_defenders_hit,cooperative_success,mission_success,failure_class,targets_covered,complete_groups,coordinated_groups,E_co_time_s,E_n_g,E_miss_m,E_t_s,mean_closest_approach_m,worst_closest_approach_m,mean_agent_return,simulated_time_s,sensor_delay_ms,position_noise_std_m,velocity_noise_std_mps,command_lag_ms,initial_perturbation_scale,defender_position_rms_m,attacker_radial_scale_std,idbo_runtime_ms,idbo_best_cost,idbo_repaired_cost,idbo_final_disagreement,assignment_repair_moves,training_seed
formal_ablation_full_case2,case2,full,3,99003,nominal,fixed,0,0,0,0,unsuccessful_interception,7,6,0,,,,,2.481088051917654,3.582216351060942,375208.7227959081,75.0,50.0,3.0,0.3,400.0,1.0,12.262976115029778,0.0138007154184671,0.0,,,,0,8301
formal_ablation_full_case2,case2,full,7,99007,nominal,fixed,0,0,0,0,unsuccessful_interception,7,6,0,,,,,2.4687744838213765,4.275814157178683,375337.1167314922,75.0,50.0,3.0,0.3,400.0,1.0,10.173947606925696,0.0218119206211018,0.0,,,,0,8301
formal_ablation_full_case2,case2,full,8,99008,nominal,fixed,0,0,0,0,unsuccessful_interception,6,5,0,,,,,2.6827275851115884,3.716951930758536,331668.24064497615,75.0,50.0,3.0,0.3,400.0,1.0,11.62146785385384,0.0190558305097778,0.0,,,,0,8301
formal_ablation_full_case2,case2,full,10,99010,nominal,fixed,0,0,0,0,unsuccessful_interception,7,6,1,,,,,2.093897403660402,4.153638448864548,375409.70677771664,75.0,50.0,3.0,0.3,400.0,1.0,9.667327261833446,0.0135711073478903,0.0,,,,0,8301
formal_ablation_full_case2,case2,full,12,99012,nominal,fixed,0,0,0,0,unsuccessful_interception,6,4,0,,,,,2.561672732252712,4.461301164099735,287953.6879554712,75.0,50.0,3.0,0.3,400.0,1.0,12.373523074966196,0.0187925946375876,0.0,,,,0,8301
formal_ablation_full_case2,case2,full,19,99019,nominal,fixed,0,0,0,0,unsuccessful_interception,7,4,0,,,,,2.57399594879539,3.754405549169943,331596.6441701115,75.0,50.0,3.0,0.3,400.0,1.0,11.176301811466477,0.0169811857471768,0.0,,,,0,8301
formal_ablation_full_case2,case2,full,21,99021,nominal,fixed,0,0,0,0,unsuccessful_interception,6,6,1,,,,,2.5886103084633927,3.852638460741741,331722.4971387798,75.0,50.0,3.0,0.3,400.0,1.0,10.900073441091584,0.0158404616354231,0.0,,,,0,8301
formal_ablation_full_case2,case2,full,22,99022,nominal,fixed,0,0,0,0,unsuccessful_interception,7,5,1,,,,,2.578442067935166,3.743374287957613,353510.2100130589,75.0,50.0,3.0,0.3,400.0,1.0,11.994864814930134,0.0216222099942649,0.0,,,,0,8301
formal_ablation_full_case2,case2,full,23,99023,nominal,fixed,0,0,0,0,unsuccessful_interception,7,5,0,,,,,2.1217055596229786,3.5727461267854856,353505.37682156044,75.0,50.0,3.0,0.3,400.0,1.0,13.567835415363543,0.0096980185702782,0.0,,,,0,8301
formal_ablation_full_case2,case2,full,30,99030,nominal,fixed,0,0,0,0,unsuccessful_interception,7,6,0,,,,,2.5161060503654054,3.5646131566698407,375620.5980409939,75.0,50.0,3.0,0.3,400.0,1.0,10.338142106522223,0.0162162896405512,0.0,,,,0,8301
formal_ablation_full_case2,case2,full,32,99032,nominal,fixed,0,0,0,0,unsuccessful_interception,7,6,1,,,,,2.546767688275436,5.095894534634976,353229.5922250524,75.0,50.0,3.0,0.3,400.0,1.0,13.200260682332669,0.016281828508502,0.0,,,,0,8301
formal_ablation_full_case2,case2,full,34,99034,nominal,fixed,0,0,0,0,unsuccessful_interception,6,5,1,,,,,2.921545057008491,4.337455033264217,309905.42951741803,75.0,50.0,3.0,0.3,400.0,1.0,10.325899380268508,0.0160798293256622,0.0,,,,0,8301
formal_ablation_full_case2,case2,full,10,99044,nominal,fixed,0,0,0,0,unsuccessful_interception,7,5,0,,,,,2.636597937675357,3.6969723377708266,353389.34302580013,75.0,50.0,3.0,0.3,400.0,1.0,9.675934618548494,0.0201662097397138,0.0,,,,0,8302
formal_ablation_full_case2,case2,full,14,99048,nominal,fixed,0,0,0,0,unsuccessful_interception,7,5,0,,,,,2.3340366273669684,4.406957937037755,353048.4317526502,75.0,50.0,3.0,0.3,400.0,1.0,11.746176073577644,0.0168827149672895,0.0,,,,0,8302
formal_ablation_full_case2,case2,full,23,99057,nominal,fixed,0,0,0,0,unsuccessful_interception,7,6,0,,,,,2.608313584089728,3.5302666399216047,375146.0918103306,75.0,50.0,3.0,0.3,400.0,1.0,12.8363597109352,0.0122918296221184,0.0,,,,0,8302
formal_ablation_full_case2,case2,full,29,99063,nominal,fixed,0,0,0,0,unsuccessful_interception,7,6,0,,,,,2.703651829341109,4.768064510714724,353332.8288693968,75.0,50.0,3.0,0.3,400.0,1.0,11.291286203499189,0.0124884654701828,0.0,,,,0,8302
formal_ablation_full_case2,case2,full,3,99070,nominal,fixed,0,0,0,0,unsuccessful_interception,7,5,0,,,,,2.4756364878343584,4.38888031928283,331449.6901608627,75.0,50.0,3.0,0.3,400.0,1.0,11.542592627967158,0.0209831501932718,0.0,,,,0,8303
formal_ablation_full_case2,case2,full,11,99078,nominal,fixed,0,0,0,0,unsuccessful_interception,7,4,0,,,,,2.854536555786665,4.641118423275242,309755.4261670701,75.0,50.0,3.0,0.3,400.0,1.0,10.846958741166295,0.0145897950705604,0.0,,,,0,8303
formal_ablation_full_case2,case2,full,20,99087,nominal,fixed,0,0,0,0,unsuccessful_interception,7,3,0,,,,,2.3930484899761906,3.7148701396227626,287694.7076763493,75.0,50.0,3.0,0.3,400.0,1.0,9.9865446100008,0.0156456693475779,0.0,,,,0,8303
formal_ablation_full_case2,case2,full,25,99092,nominal,fixed,0,0,0,0,unsuccessful_interception,7,7,0,,,,,2.301274679534697,4.509145675184092,397046.0348175407,75.0,50.0,3.0,0.3,400.0,1.0,10.37136010661679,0.0086611036405342,0.0,,,,0,8303
formal_ablation_full_case2,case2,full,33,99100,nominal,fixed,0,0,0,0,unsuccessful_interception,7,3,0,,,,,2.683216831965568,4.756946630130601,309266.5932603333,75.0,50.0,3.0,0.3,400.0,1.0,9.689990391506926,0.023390975640815,0.0,,,,0,8303
