condition,case,variant,episode,seed,defender_id,target_id,time,dist_to_target,defender_pos_x,defender_pos_y,defender_pos_z
final_case4_case2geom_fixed_bangbang_n100_clean,case4,full,53,99453,0,20,26.30000000000024,1.709282503364182,708.5521785907716,-184.94404552100434,524.6455717008683
final_case4_case2geom_fixed_bangbang_n100_clean,case4,full,53,99453,16,20,26.35000000000024,0.5792177834925141,708.4896793448773,-184.68196465556315,524.5259254969543
final_case4_case2geom_fixed_bangbang_n100_clean,case4,full,53,99453,14,26,26.40000000000024,0.886178978433626,-330.01612471232875,-705.0566439633695,442.6902556624047
final_case4_case2geom_fixed_bangbang_n100_clean,case4,full,53,99453,8,20,26.45000000000024,1.679264696364144,705.4294760632386,-184.15849922761723,522.2213196644078
final_case4_case2geom_fixed_bangbang_n100_clean,case4,full,53,99453,6,26,26.550000000000242,1.3676298743031041,-328.42094012661505,-701.033341049223,440.08190257471733
final_case4_case2geom_fixed_bangbang_n100_clean,case4,full,53,99453,12,24,26.600000000000243,0.3108043268230034,-740.6791147697511,232.89157093617163,545.6869112008981
final_case4_case2geom_fixed_bangbang_n100_clean,case4,full,53,99453,2,22,26.650000000000244,1.3201288727651894,291.17155840578135,720.8978769966716,502.16528587322114
final_case4_case2geom_fixed_bangbang_n100_clean,case4,full,53,99453,4,24,26.700000000000244,0.36744426727933077,-738.6758790877441,232.11971136560888,544.0564110738106
final_case4_case2geom_fixed_bangbang_n100_clean,case4,full,53,99453,10,22,26.700000000000244,0.2769789440934873,290.9676211205379,720.8005689015417,501.97452240256143
final_case4_case2geom_fixed_bangbang_n100_clean,case4,full,53,99453,18,22,26.750000000000245,0.5170537728261612,290.40516692392964,719.4082736473065,500.96103205463294
final_case4_case2geom_fixed_bangbang_n100_clean,case4,full,53,99453,3,23,27.70000000000026,2.882460741844435,-701.6555542706986,412.0129744862073,571.9684052969471
final_case4_case2geom_fixed_bangbang_n100_clean,case4,full,53,99453,11,23,27.70000000000026,1.4515717467087224,-702.5361970906896,412.8308229913527,572.7507531618201
final_case4_case2geom_fixed_bangbang_n100_clean,case4,full,53,99453,19,23,27.80000000000026,0.14931829592281085,-701.6319893574372,412.5226556410325,571.9692758577525
final_case4_case2geom_fixed_bangbang_n100_clean,case4,full,53,99453,15,27,27.950000000000262,2.1196706311366578,757.7217402159114,-419.24716557717574,446.82878786003573
final_case4_case2geom_fixed_bangbang_n100_clean,case4,full,53,99453,7,27,28.150000000000265,0.9319928864839512,754.4157772330029,-417.40907012695607,444.70856027003595
final_case4_case2geom_fixed_bangbang_n100_clean,case4,full,53,99453,13,25,28.45000000000027,1.8472047194248067,-483.59132403371774,-728.112215198102,546.6509485623475
final_case4_case2geom_fixed_bangbang_n100_clean,case4,full,53,99453,1,21,28.50000000000027,0.8289156359500948,646.76008906885,704.8744670887337,465.57836083458614
final_case4_case2geom_fixed_bangbang_n100_clean,case4,full,53,99453,17,21,28.50000000000027,2.14756474942026,645.8500473252906,704.1535019262676,464.94792907819027
final_case4_case2geom_fixed_bangbang_n100_clean,case4,full,53,99453,9,21,28.55000000000027,2.728013334063867,644.6148951506183,703.1836381156926,464.1165239036699
final_case4_case2geom_fixed_bangbang_n100_clean,case4,full,53,99453,5,25,28.60000000000027,0.5082908059883532,-482.6016843807867,-726.3872177646974,545.2898509128248
final_case4_case2geom_fixed_bangbang_n100_clean,case4,full,54,99454,1,21,24.650000000000215,1.751655400704999,269.42114597368527,660.7943948131161,501.5354568813849
final_case4_case2geom_fixed_bangbang_n100_clean,case4,full,54,99454,9,21,24.700000000000216,1.8480220844471504,268.75725789167257,659.7006793376598,500.6154507249017
final_case4_case2geom_fixed_bangbang_n100_clean,case4,full,54,99454,17,21,24.700000000000216,1.641605005611353,268.92032985600355,659.8118242823261,500.72025440258454
final_case4_case2geom_fixed_bangbang_n100_clean,case4,full,54,99454,12,24,24.750000000000217,0.7660960690163264,-744.2719637691899,204.5727588383748,475.3325246978431
final_case4_case2geom_fixed_bangbang_n100_clean,case4,full,54,99454,4,24,24.850000000000218,0.7232355100040209,-742.0818484761165,203.91754182094078,473.78215379929264
final_case4_case2geom_fixed_bangbang_n100_clean,case4,full,54,99454,14,26,25.150000000000222,0.5417946236510349,-102.65055788713207,-761.6560420250809,397.46025712496265
final_case4_case2geom_fixed_bangbang_n100_clean,case4,full,54,99454,6,26,25.300000000000225,1.0017901285478463,-102.3553635293895,-757.3903244608281,395.0183954245496
final_case4_case2geom_fixed_bangbang_n100_clean,case4,full,54,99454,13,25,26.100000000000236,1.814354762430427,-407.41510446117104,-669.6883664483211,483.21823460699
final_case4_case2geom_fixed_bangbang_n100_clean,case4,full,54,99454,11,23,26.200000000000237,2.309493064194472,-679.903940431875,342.70585122702244,526.8972459286036
final_case4_case2geom_fixed_bangbang_n100_clean,case4,full,54,99454,3,23,26.250000000000238,1.5049110709173221,-679.4727987637818,342.6626011194367,526.601743443773
final_case4_case2geom_fixed_bangbang_n100_clean,case4,full,54,99454,5,25,26.250000000000238,1.0468805560072583,-406.07583446905596,-667.5541296326802,481.54972893606896
final_case4_case2geom_fixed_bangbang_n100_clean,case4,full,54,99454,15,27,26.30000000000024,2.0178864952029536,719.4784272866349,-348.75493796547687,472.2298147466451
final_case4_case2geom_fixed_bangbang_n100_clean,case4,full,54,99454,19,23,26.35000000000024,0.18622112928486562,-678.542045318083,342.36420400741866,525.8226569302265
final_case4_case2geom_fixed_bangbang_n100_clean,case4,full,54,99454,7,27,26.40000000000024,2.4656603620585846,717.1785080735092,-347.30059713583074,470.53674048240373
final_case4_case2geom_fixed_bangbang_n100_clean,case4,full,54,99454,2,22,26.650000000000244,1.2541030401747622,67.06752087069067,881.0397325669436,347.80528169303307
final_case4_case2geom_fixed_bangbang_n100_clean,case4,full,54,99454,10,22,26.650000000000244,1.7140835349791241,67.1808834357555,880.6101530281941,347.5935259235837
final_case4_case2geom_fixed_bangbang_n100_clean,case4,full,54,99454,18,22,26.700000000000244,2.7669401216667926,67.23496053667125,878.2987773453074,346.5448475249758
final_case4_case2geom_fixed_bangbang_n100_clean,case4,full,54,99454,0,20,27.05000000000025,1.4712801251532426,815.3425363637764,-189.2235603154752,435.6200449921295
final_case4_case2geom_fixed_bangbang_n100_clean,case4,full,54,99454,16,20,27.10000000000025,2.0821658380811456,813.6166002338641,-189.03169517060968,434.636282756031
final_case4_case2geom_fixed_bangbang_n100_clean,case4,full,54,99454,8,20,27.250000000000252,0.8954374520756891,811.1976296560582,-188.22247149204424,433.17955437291295
final_case4_case2geom_fixed_bangbang_n100_clean,case4,full,55,99455,12,24,26.40000000000024,2.012684202943991,-805.023512885734,195.663680353558,486.75073512781785
final_case4_case2geom_fixed_bangbang_n100_clean,case4,full,55,99455,4,24,26.50000000000024,1.67229049526056,-803.1710552877506,195.18863409494307,485.5400242936996
final_case4_case2geom_fixed_bangbang_n100_clean,case4,full,55,99455,1,21,26.700000000000244,1.9939883745333558,413.3026466057162,779.0700905948294,401.52194482006456
final_case4_case2geom_fixed_bangbang_n100_clean,case4,full,55,99455,9,21,26.800000000000246,0.15397076046446606,413.24367068941945,778.4292613642104,401.2246446272836
final_case4_case2geom_fixed_bangbang_n100_clean,case4,full,55,99455,17,21,26.850000000000247,0.14150438910909288,412.5943302328907,777.3979114897618,400.6076764876954
final_case4_case2geom_fixed_bangbang_n100_clean,case4,full,55,99455,13,25,27.00000000000025,2.667929473890958,-382.20857950359607,-691.0554529344778,533.7306591690159
final_case4_case2geom_fixed_bangbang_n100_clean,case4,full,55,99455,5,25,27.15000000000025,0.20755143340355064,-382.05753043609263,-690.0466221747931,532.8955292136736
final_case4_case2geom_fixed_bangbang_n100_clean,case4,full,55,99455,0,20,27.600000000000257,0.32135708235568544,867.0594921930658,-190.19758189725442,426.53443055580533
final_case4_case2geom_fixed_bangbang_n100_clean,case4,full,55,99455,16,20,27.600000000000257,2.449263669963486,864.9828062892356,-190.27379924803688,425.4092124264439
final_case4_case2geom_fixed_bangbang_n100_clean,case4,full,55,99455,8,20,27.70000000000026,2.6099431032235607,862.4557401999376,-189.68159792527248,424.0657151142243
final_case4_case2geom_fixed_bangbang_n100_clean,case4,full,55,99455,15,27,28.100000000000264,2.570128576973336,763.4061541928205,-424.82041083620084,438.72859855989356
final_case4_case2geom_fixed_bangbang_n100_clean,case4,full,55,99455,7,27,28.250000000000266,1.076934893533239,761.2925844838913,-423.7864525788471,437.3937328515483
final_case4_case2geom_fixed_bangbang_n100_clean,case4,full,55,99455,3,23,28.55000000000027,1.4107843958535127,-724.9283853685869,571.0657693688103,463.19258151298294
final_case4_case2geom_fixed_bangbang_n100_clean,case4,full,55,99455,11,23,28.55000000000027,0.19658583453657233,-725.6483218111445,571.929557919958,463.83305455983606
final_case4_case2geom_fixed_bangbang_n100_clean,case4,full,55,99455,14,26,28.60000000000027,0.3860662313289883,-212.5334556817951,-831.8537469520878,490.5063112083147
final_case4_case2geom_fixed_bangbang_n100_clean,case4,full,55,99455,19,23,28.60000000000027,1.4479412100798488,-724.0207779763555,570.2937999524817,462.5413637291338
final_case4_case2geom_fixed_bangbang_n100_clean,case4,full,55,99455,6,26,28.750000000000274,0.5702518959365973,-211.7967075106167,-828.5069479832022,488.4156146267555
final_case4_case2geom_fixed_bangbang_n100_clean,case4,full,55,99455,2,22,28.900000000000276,0.7537688090715539,109.70738434336336,918.9578593595216,493.263645475697
final_case4_case2geom_fixed_bangbang_n100_clean,case4,full,55,99455,10,22,28.900000000000276,1.0980247210114882,109.75843744071291,918.6479940071898,493.08331790373626
final_case4_case2geom_fixed_bangbang_n100_clean,case4,full,55,99455,18,22,29.000000000000277,0.423658935572308,109.4511557761022,916.9539399027321,492.08881109984054
final_case4_case2geom_fixed_bangbang_n100_clean,case4,full,56,99456,13,25,24.500000000000213,2.7599567628759605,-354.40506910517087,-701.9877435646974,388.4037014842902
final_case4_case2geom_fixed_bangbang_n100_clean,case4,full,56,99456,5,25,24.650000000000215,0.6382358774039611,-353.7770966921666,-700.2668884713183,387.43298527849686
final_case4_case2geom_fixed_bangbang_n100_clean,case4,full,56,99456,0,20,25.300000000000225,1.0610140521522753,667.5323712047875,-224.93180512466117,484.14530430978107
final_case4_case2geom_fixed_bangbang_n100_clean,case4,full,56,99456,16,20,25.300000000000225,2.934732673648587,665.7977043001143,-225.0117742102389,483.0604754151782
final_case4_case2geom_fixed_bangbang_n100_clean,case4,full,56,99456,8,20,25.450000000000227,1.366497569001068,663.7261335312353,-223.8735819907635,481.2782213343381
final_case4_case2geom_fixed_bangbang_n100_clean,case4,full,56,99456,11,23,25.450000000000227,1.4690676698413505,-652.1785017407988,398.06301576638884,512.088054163377
final_case4_case2geom_fixed_bangbang_n100_clean,case4,full,56,99456,3,23,25.500000000000227,0.2871045110247379,-652.2767490649039,398.47626789331616,512.1898263159603
final_case4_case2geom_fixed_bangbang_n100_clean,case4,full,56,99456,19,23,25.500000000000227,2.800684591944272,-650.4940753224408,396.58222978505785,510.62750385467456
final_case4_case2geom_fixed_bangbang_n100_clean,case4,full,56,99456,2,22,25.900000000000233,0.343179508479873,184.44551934617044,798.9939590158032,414.97985448850596
final_case4_case2geom_fixed_bangbang_n100_clean,case4,full,56,99456,10,22,25.900000000000233,1.076681488412991,184.53581460692402,798.0909574114385,414.4918094169664
final_case4_case2geom_fixed_bangbang_n100_clean,case4,full,56,99456,18,22,25.950000000000234,1.792355735397609,184.25945192240158,796.2638223179437,413.47789539962696
final_case4_case2geom_fixed_bangbang_n100_clean,case4,full,56,99456,1,21,27.20000000000025,2.6830684692848332,584.5340692371062,592.8946926464523,551.2893751677383
final_case4_case2geom_fixed_bangbang_n100_clean,case4,full,56,99456,17,21,27.300000000000253,0.16127130126873404,584.9499677190738,592.8090261782323,551.3848907981111
final_case4_case2geom_fixed_bangbang_n100_clean,case4,full,56,99456,9,21,27.350000000000254,2.980426160933922,581.9365649980253,590.7454262298088,549.0039010071799
final_case4_case2geom_fixed_bangbang_n100_clean,case4,full,56,99456,14,26,28.150000000000265,2.6145230601349057,-109.9062533247308,-864.0803336246353,413.8719828515762
final_case4_case2geom_fixed_bangbang_n100_clean,case4,full,56,99456,6,26,28.300000000000267,1.1763792392240908,-109.41677558916965,-861.7458314861796,412.61897467909824
final_case4_case2geom_fixed_bangbang_n100_clean,case4,full,56,99456,12,24,29.15000000000028,0.3982268185692204,-904.4755256532533,159.9791032422803,555.6572956755211
final_case4_case2geom_fixed_bangbang_n100_clean,case4,full,56,99456,4,24,29.25000000000028,1.6616005723095166,-901.2832115239219,159.6958868663866,553.673644369903
final_case4_case2geom_fixed_bangbang_n100_clean,case4,full,56,99456,15,27,29.30000000000028,1.3512427970330443,739.9178573866059,-537.426371487404,567.4855102470326
final_case4_case2geom_fixed_bangbang_n100_clean,case4,full,56,99456,7,27,29.350000000000282,2.5247805921254867,738.3768341693989,-535.9715390964114,566.1765780908761
final_case4_case2geom_fixed_bangbang_n100_clean,case4,full,57,99457,11,23,25.250000000000224,2.968413907559665,-683.5612638512295,314.9761755802376,443.17320714937796
final_case4_case2geom_fixed_bangbang_n100_clean,case4,full,57,99457,3,23,25.300000000000225,2.1733740927366583,-682.9810263946179,314.824752514472,442.77702420203804
final_case4_case2geom_fixed_bangbang_n100_clean,case4,full,57,99457,19,23,25.400000000000226,0.2934584995880694,-682.2518203269888,314.9202918914443,442.2187195274732
final_case4_case2geom_fixed_bangbang_n100_clean,case4,full,57,99457,12,24,25.80000000000023,0.3492601082015979,-774.5031756570886,257.7439048374748,497.59612868275246
final_case4_case2geom_fixed_bangbang_n100_clean,case4,full,57,99457,4,24,25.850000000000232,1.3053125553305505,-772.6933040915503,257.325546014099,496.3943586042253
final_case4_case2geom_fixed_bangbang_n100_clean,case4,full,57,99457,0,20,26.850000000000247,1.1252866294753303,808.2211381125562,-86.53137878798228,465.74601038719425
final_case4_case2geom_fixed_bangbang_n100_clean,case4,full,57,99457,14,26,26.850000000000247,1.095709829778928,-308.17380842170326,-819.7283934005814,403.76604123163236
final_case4_case2geom_fixed_bangbang_n100_clean,case4,full,57,99457,16,20,26.900000000000247,1.5880251529214084,806.7737895856578,-86.53181657034843,464.83478161344306
final_case4_case2geom_fixed_bangbang_n100_clean,case4,full,57,99457,6,26,27.00000000000025,1.1281441497549483,-306.99627029787115,-816.4759583012644,401.99546665743884
final_case4_case2geom_fixed_bangbang_n100_clean,case4,full,57,99457,8,20,27.05000000000025,1.63202685672314,803.5892825666878,-86.13035145855493,462.8750267848815
final_case4_case2geom_fixed_bangbang_n100_clean,case4,full,57,99457,1,21,27.600000000000257,0.33167746989262553,435.51414477468785,768.5612831463886,461.63007430248985
final_case4_case2geom_fixed_bangbang_n100_clean,case4,full,57,99457,17,21,27.600000000000257,2.8751994029677608,434.04746778201877,766.8724268277814,460.30346991708393
final_case4_case2geom_fixed_bangbang_n100_clean,case4,full,57,99457,9,21,27.650000000000258,0.22912112327954998,435.1094789061673,767.7554154426861,461.10759846927425
final_case4_case2geom_fixed_bangbang_n100_clean,case4,full,57,99457,13,25,28.50000000000027,1.8529462797268748,-414.46433032795187,-785.096325212143,558.1190658631159
final_case4_case2geom_fixed_bangbang_n100_clean,case4,full,57,99457,5,25,28.60000000000027,2.940668269984623,-412.8505959022219,-782.6220625575785,556.2268873657067
final_case4_case2geom_fixed_bangbang_n100_clean,case4,full,57,99457,15,27,28.650000000000272,0.18175250090732217,756.3116012966699,-499.1179037373368,482.5802211538182
final_case4_case2geom_fixed_bangbang_n100_clean,case4,full,57,99457,7,27,28.750000000000274,1.32860498121641,753.6821108571754,-497.03280308441106,480.6550747119307
final_case4_case2geom_fixed_bangbang_n100_clean,case4,full,57,99457,2,22,28.900000000000276,2.338560278036602,297.2200498514917,843.6333312956475,533.298043276138
final_case4_case2geom_fixed_bangbang_n100_clean,case4,full,57,99457,10,22,28.950000000000276,2.6483232344150998,296.7813084246012,842.2543564728207,532.4263136851607
final_case4_case2geom_fixed_bangbang_n100_clean,case4,full,57,99457,18,22,29.000000000000277,0.3134820291255367,296.71037265291926,843.2103003948804,532.8878570328009
final_case4_case2geom_fixed_bangbang_n100_clean,case4,full,58,99458,0,20,25.250000000000224,0.9682438431718065,775.7179792271103,-160.91669150914447,440.42122021950627
final_case4_case2geom_fixed_bangbang_n100_clean,case4,full,58,99458,16,20,25.250000000000224,2.1938485123375795,774.6562258330549,-161.03271659062256,439.7593861357832
final_case4_case2geom_fixed_bangbang_n100_clean,case4,full,58,99458,8,20,25.350000000000225,0.7257258874107417,773.7636513101394,-160.45014252029458,439.1958052650772
final_case4_case2geom_fixed_bangbang_n100_clean,case4,full,58,99458,13,25,25.80000000000023,0.43445462489300996,-276.2633563448506,-714.5272339117397,469.3804651160024
final_case4_case2geom_fixed_bangbang_n100_clean,case4,full,58,99458,12,24,25.900000000000233,2.4430084272546693,-766.6154256689221,169.70777321281562,498.95376576373775
final_case4_case2geom_fixed_bangbang_n100_clean,case4,full,58,99458,5,25,25.950000000000234,1.7980503108177512,-274.2268642751316,-710.6850732687063,466.6763149356392
final_case4_case2geom_fixed_bangbang_n100_clean,case4,full,58,99458,4,24,26.050000000000235,1.3440350817788482,-764.1389278726996,168.97951010309558,497.16138294768064
final_case4_case2geom_fixed_bangbang_n100_clean,case4,full,58,99458,15,27,26.050000000000235,2.2607081639292708,688.3694685447412,-388.17502471696486,463.1629601171217
final_case4_case2geom_fixed_bangbang_n100_clean,case4,full,58,99458,7,27,26.150000000000237,1.6883275820812116,686.9109823717276,-387.3140531550712,462.1002918790485
final_case4_case2geom_fixed_bangbang_n100_clean,case4,full,58,99458,3,23,26.650000000000244,1.8097031766444962,-692.6331819388209,467.40474172055895,492.5924735102836
final_case4_case2geom_fixed_bangbang_n100_clean,case4,full,58,99458,11,23,26.650000000000244,0.7838636034660019,-693.2560340486398,468.05939647974105,493.09094830726286
final_case4_case2geom_fixed_bangbang_n100_clean,case4,full,58,99458,19,23,26.700000000000244,2.1028442917808086,-691.621563152635,466.55648652144794,491.7899848041316
final_case4_case2geom_fixed_bangbang_n100_clean,case4,full,58,99458,1,21,26.850000000000247,1.9888192714593664,390.71192982159795,797.3599763688119,423.35214614346387
final_case4_case2geom_fixed_bangbang_n100_clean,case4,full,58,99458,9,21,26.900000000000247,2.2932123799282094,389.88490489250887,796.2400504752324,422.62542069931425
final_case4_case2geom_fixed_bangbang_n100_clean,case4,full,58,99458,17,21,26.950000000000248,2.426440756035692,389.39926097540456,795.0692486254271,421.9753958181811
final_case4_case2geom_fixed_bangbang_n100_clean,case4,full,58,99458,2,22,27.85000000000026,1.1385245321688011,155.284046628682,813.5965190883572,485.25790906587036
final_case4_case2geom_fixed_bangbang_n100_clean,case4,full,58,99458,10,22,27.85000000000026,1.7299156146989572,155.40019642431682,813.0370415803335,484.93425369118927
final_case4_case2geom_fixed_bangbang_n100_clean,case4,full,58,99458,18,22,27.950000000000262,1.9145809967812022,154.98491307588841,810.3796827597175,483.25306442114174
final_case4_case2geom_fixed_bangbang_n100_clean,case4,full,58,99458,14,26,29.30000000000028,1.0305613698437002,-158.4893382077251,-911.5768711103171,437.7293908495946
final_case4_case2geom_fixed_bangbang_n100_clean,case4,full,58,99458,6,26,29.400000000000283,2.070599940037438,-158.1952516462565,-908.5011881677676,436.2228146246735
final_case4_case2geom_fixed_bangbang_n100_clean,case4,full,59,99459,11,23,24.30000000000021,2.6298107533229307,-637.0147812193435,394.3943849243649,388.5134083476888
final_case4_case2geom_fixed_bangbang_n100_clean,case4,full,59,99459,3,23,24.35000000000021,0.925081305230456,-637.0612817092538,394.8220440991825,388.680845702786
final_case4_case2geom_fixed_bangbang_n100_clean,case4,full,59,99459,19,23,24.450000000000212,0.18352061948600512,-635.7328940426861,394.0818736250661,387.80407434883864
final_case4_case2geom_fixed_bangbang_n100_clean,case4,full,59,99459,2,22,25.150000000000222,1.3430471677547544,166.78039080826994,774.1450794781375,443.1568468976884
final_case4_case2geom_fixed_bangbang_n100_clean,case4,full,59,99459,10,22,25.200000000000223,2.496708241051583,166.44689438306028,772.1156681539727,441.89644775058713
final_case4_case2geom_fixed_bangbang_n100_clean,case4,full,59,99459,18,22,25.200000000000223,0.5336457917235261,166.55239999671042,773.7893528907459,442.93595860608
final_case4_case2geom_fixed_bangbang_n100_clean,case4,full,59,99459,12,24,26.100000000000236,1.293961514441561,-754.3395904867986,253.9839142588794,504.85414912188025
final_case4_case2geom_fixed_bangbang_n100_clean,case4,full,59,99459,4,24,26.150000000000237,2.520020501384285,-752.1567544899439,253.56463292929894,503.4407702449979
final_case4_case2geom_fixed_bangbang_n100_clean,case4,full,59,99459,13,25,26.40000000000024,0.819355462519461,-443.03663659919766,-639.0582674771377,498.5440030594298
final_case4_case2geom_fixed_bangbang_n100_clean,case4,full,59,99459,5,25,26.550000000000242,1.1304631065990867,-440.80451898060136,-636.3475679298729,496.1474459187239
final_case4_case2geom_fixed_bangbang_n100_clean,case4,full,59,99459,15,27,27.500000000000256,2.4420024404960903,685.2109796963662,-505.2250912288774,495.5318625024714
final_case4_case2geom_fixed_bangbang_n100_clean,case4,full,59,99459,7,27,27.600000000000257,0.44915862092413866,684.6617303045495,-505.19843428571244,495.1616420086556
final_case4_case2geom_fixed_bangbang_n100_clean,case4,full,59,99459,14,26,27.70000000000026,2.531349429573413,-145.68405594726835,-899.7565246606838,438.07904423715206
final_case4_case2geom_fixed_bangbang_n100_clean,case4,full,59,99459,6,26,27.80000000000026,1.3917006120241788,-145.29483026574948,-898.5799679792775,437.47647978944894
final_case4_case2geom_fixed_bangbang_n100_clean,case4,full,59,99459,0,20,28.900000000000276,2.4713813399912565,866.0712126999206,-184.2508324750519,455.1933498717221
final_case4_case2geom_fixed_bangbang_n100_clean,case4,full,59,99459,1,21,28.900000000000276,1.836105186455902,436.81962846125657,765.3024903989091,532.3585258721172
final_case4_case2geom_fixed_bangbang_n100_clean,case4,full,59,99459,16,20,28.900000000000276,2.330938984972967,866.1892531135383,-184.29050377693162,455.262208125562
final_case4_case2geom_fixed_bangbang_n100_clean,case4,full,59,99459,9,21,29.000000000000277,1.334647544920286,435.786406706057,763.6582360691864,531.1190206591941
final_case4_case2geom_fixed_bangbang_n100_clean,case4,full,59,99459,8,20,29.050000000000278,1.816741140014586,863.1489172107272,-183.58407337061774,453.5502449342574
final_case4_case2geom_fixed_bangbang_n100_clean,case4,full,59,99459,17,21,29.050000000000278,0.47861726500634144,435.7214033949178,763.2025559984618,530.779266455682
final_case4_case2geom_fixed_bangbang_n100_clean,case4,full,60,99460,3,23,24.600000000000215,0.7748448230984472,-618.9181968481972,318.587872618855,435.46158857016536
final_case4_case2geom_fixed_bangbang_n100_clean,case4,full,60,99460,11,23,24.600000000000215,0.528802614199843,-619.1629701107823,319.0626618937077,435.74540527283636
final_case4_case2geom_fixed_bangbang_n100_clean,case4,full,60,99460,19,23,24.700000000000216,2.229047059236113,-615.8735343276963,316.357920955696,433.10385478457937
final_case4_case2geom_fixed_bangbang_n100_clean,case4,full,60,99460,12,24,24.800000000000217,0.9943978110557036,-762.8059150701596,287.86398327009107,378.77790092724484
final_case4_case2geom_fixed_bangbang_n100_clean,case4,full,60,99460,4,24,24.90000000000022,1.408524188988106,-759.9454974786561,286.8691710264994,377.2034272035006
final_case4_case2geom_fixed_bangbang_n100_clean,case4,full,60,99460,0,20,25.00000000000022,1.2467905573249356,734.4354743346951,-219.45501101318663,456.0023749128142
final_case4_case2geom_fixed_bangbang_n100_clean,case4,full,60,99460,16,20,25.05000000000022,0.35443190135540015,734.2890350324603,-219.16642678184436,455.8386418738764
final_case4_case2geom_fixed_bangbang_n100_clean,case4,full,60,99460,8,20,25.150000000000222,2.108888979102165,730.5540576250231,-218.4980227660407,453.5269347800034
final_case4_case2geom_fixed_bangbang_n100_clean,case4,full,60,99460,1,21,25.500000000000227,0.6335221210290937,309.19661511697876,638.7327346070979,538.3030985657934
final_case4_case2geom_fixed_bangbang_n100_clean,case4,full,60,99460,17,21,25.500000000000227,2.7260974736110986,307.95090667223485,637.4601374470336,537.0580065626958
final_case4_case2geom_fixed_bangbang_n100_clean,case4,full,60,99460,9,21,25.550000000000228,1.6717591567454846,307.9268421717506,637.1186559912519,536.7394500559523
final_case4_case2geom_fixed_bangbang_n100_clean,case4,full,60,99460,13,25,26.30000000000024,1.421804505073591,-403.9302639888659,-723.8660930055578,453.97740662872036
final_case4_case2geom_fixed_bangbang_n100_clean,case4,full,60,99460,5,25,26.45000000000024,0.6617205706615219,-402.4709970767939,-721.403687074874,452.2577034441588
final_case4_case2geom_fixed_bangbang_n100_clean,case4,full,60,99460,2,22,27.05000000000025,1.666683972454061,159.37023286339587,800.2672659590892,492.4547095080449
final_case4_case2geom_fixed_bangbang_n100_clean,case4,full,60,99460,10,22,27.05000000000025,1.0147393452798037,159.36058374929777,800.8467318525194,492.7852430458394
final_case4_case2geom_fixed_bangbang_n100_clean,case4,full,60,99460,18,22,27.15000000000025,1.002590853827574,158.89876101072662,798.5494063999614,491.27285148192226
final_case4_case2geom_fixed_bangbang_n100_clean,case4,full,60,99460,14,26,27.70000000000026,0.9849524870926714,-150.47899322093951,-802.6294370229922,484.5428042858735
final_case4_case2geom_fixed_bangbang_n100_clean,case4,full,60,99460,6,26,27.85000000000026,1.7378288151215702,-149.93378408519396,-798.382309183665,481.8102872447163
final_case4_case2geom_fixed_bangbang_n100_clean,case4,full,60,99460,15,27,28.150000000000265,2.266217281907019,753.2940489285465,-430.93146711957917,418.4142186846911
final_case4_case2geom_fixed_bangbang_n100_clean,case4,full,60,99460,7,27,28.350000000000268,0.1995414736218383,750.6863034859251,-429.7164686009415,416.87923580039393
final_case4_case2geom_fixed_bangbang_n100_clean,case4,full,61,99461,14,26,25.05000000000022,1.5361358583650244,-106.37112804910657,-744.2282543949392,451.642486112599
final_case4_case2geom_fixed_bangbang_n100_clean,case4,full,61,99461,6,26,25.200000000000223,1.0503422529143565,-105.87989205867707,-741.1964825911847,449.6332468794485
final_case4_case2geom_fixed_bangbang_n100_clean,case4,full,61,99461,1,21,25.350000000000225,0.13094441416116767,229.38439648881345,781.8779990306435,440.2878349718925
final_case4_case2geom_fixed_bangbang_n100_clean,case4,full,61,99461,9,21,25.350000000000225,1.0958779307504485,228.9031154828689,781.129685200413,439.8074037976568
final_case4_case2geom_fixed_bangbang_n100_clean,case4,full,61,99461,15,27,25.400000000000226,0.4001105568187407,659.8425373846836,-339.36155289555535,475.5290853803599
final_case4_case2geom_fixed_bangbang_n100_clean,case4,full,61,99461,17,21,25.400000000000226,0.7308236541049077,228.7589298972608,780.4139171272219,439.3720449675761
final_case4_case2geom_fixed_bangbang_n100_clean,case4,full,61,99461,7,27,25.500000000000227,1.4660605050701723,657.2341666247125,-337.54899825954357,473.3488448119715
final_case4_case2geom_fixed_bangbang_n100_clean,case4,full,61,99461,11,23,25.70000000000023,1.4184897370162948,-706.0205428178397,365.043585213436,479.04020377843835
final_case4_case2geom_fixed_bangbang_n100_clean,case4,full,61,99461,3,23,25.75000000000023,0.19762522083570333,-706.1156716551675,365.3416694763161,479.2286220057658
final_case4_case2geom_fixed_bangbang_n100_clean,case4,full,61,99461,19,23,25.80000000000023,0.23736957272825485,-704.9360901383991,364.6161968119399,478.30427589238195
final_case4_case2geom_fixed_bangbang_n100_clean,case4,full,61,99461,12,24,26.100000000000236,1.0299562098094857,-772.4064388331427,191.1233690939136,544.7499416575498
final_case4_case2geom_fixed_bangbang_n100_clean,case4,full,61,99461,4,24,26.200000000000237,2.290178438380841,-769.4044163747324,190.72834879860537,542.5717232284858
final_case4_case2geom_fixed_bangbang_n100_clean,case4,full,61,99461,16,20,27.70000000000026,2.9759647902611936,862.038118592468,-167.086829749872,479.1238288111502
final_case4_case2geom_fixed_bangbang_n100_clean,case4,full,61,99461,0,20,27.75000000000026,0.33384061192317943,863.2490042660787,-166.77086853596953,479.88930634899447
final_case4_case2geom_fixed_bangbang_n100_clean,case4,full,61,99461,8,20,27.85000000000026,1.3348927664141788,860.0977565944307,-166.36193178909448,477.9696833098609
final_case4_case2geom_fixed_bangbang_n100_clean,case4,full,61,99461,2,22,28.300000000000267,2.045789090506785,208.66879745085168,872.0051887899282,504.92535136449885
final_case4_case2geom_fixed_bangbang_n100_clean,case4,full,61,99461,10,22,28.350000000000268,0.8154004098000391,208.44446883011548,871.9951306182701,504.90265084874505
final_case4_case2geom_fixed_bangbang_n100_clean,case4,full,61,99461,18,22,28.350000000000268,0.47436706791205263,208.46151921472423,872.2946500346823,505.0822421434638
final_case4_case2geom_fixed_bangbang_n100_clean,case4,full,61,99461,13,25,30.450000000000298,2.43817419623623,-479.3893763148449,-803.6946643241598,569.792752847065
final_case4_case2geom_fixed_bangbang_n100_clean,case4,full,61,99461,5,25,30.6000000000003,0.24778760567700636,-479.0404207932328,-802.4586936268095,568.9103470259039
final_case4_case2geom_fixed_bangbang_n100_clean,case4,full,62,99462,1,21,24.850000000000218,2.2574425981027435,414.37604582954,673.9868852923346,434.53254853371686
final_case4_case2geom_fixed_bangbang_n100_clean,case4,full,62,99462,9,21,24.90000000000022,1.7719114295871674,413.9422326125448,673.3772164877095,434.101013778877
final_case4_case2geom_fixed_bangbang_n100_clean,case4,full,62,99462,17,21,24.95000000000022,0.5952841934080082,414.03520093983843,673.1047442249505,434.0297011513485
final_case4_case2geom_fixed_bangbang_n100_clean,case4,full,62,99462,15,27,25.10000000000022,0.9010730127299393,662.76791606358,-335.19653251679165,476.0485696560323
final_case4_case2geom_fixed_bangbang_n100_clean,case4,full,62,99462,7,27,25.200000000000223,2.1329093378416837,660.0292033504023,-333.28182621960383,473.7130158612915
final_case4_case2geom_fixed_bangbang_n100_clean,case4,full,62,99462,2,22,25.60000000000023,0.4988117236259995,185.44113110461933,804.3220357900994,422.92154495004627
final_case4_case2geom_fixed_bangbang_n100_clean,case4,full,62,99462,10,22,25.60000000000023,1.6501785783583054,185.5246783222791,803.2329167643272,422.27709341155014
final_case4_case2geom_fixed_bangbang_n100_clean,case4,full,62,99462,18,22,25.65000000000023,1.8335772387529539,185.23945809467912,801.89066690144,421.49892835424765
final_case4_case2geom_fixed_bangbang_n100_clean,case4,full,62,99462,12,24,25.80000000000023,1.8007042858607039,-760.99187887306,250.6533480989118,484.55217150489653
final_case4_case2geom_fixed_bangbang_n100_clean,case4,full,62,99462,4,24,25.900000000000233,2.70564144461646,-757.9908201418375,250.01959732468487,482.6617300186919
final_case4_case2geom_fixed_bangbang_n100_clean,case4,full,62,99462,11,23,26.750000000000245,2.7044123034413494,-687.9753964681485,322.92429823937005,558.2920795637988
final_case4_case2geom_fixed_bangbang_n100_clean,case4,full,62,99462,3,23,26.800000000000246,1.5497009041961896,-687.7098345003285,323.05634835536387,558.1206277951087
final_case4_case2geom_fixed_bangbang_n100_clean,case4,full,62,99462,19,23,26.850000000000247,2.4374290460781745,-686.1955036333118,322.0395618764049,556.7809139028146
final_case4_case2geom_fixed_bangbang_n100_clean,case4,full,62,99462,13,25,26.900000000000247,1.3285949645153667,-275.6706722745143,-739.6723966476887,479.6386963400566
final_case4_case2geom_fixed_bangbang_n100_clean,case4,full,62,99462,5,25,27.15000000000025,0.28512181628461325,-274.20260969202474,-735.7679707263563,476.8123362686424
final_case4_case2geom_fixed_bangbang_n100_clean,case4,full,62,99462,0,20,27.500000000000256,2.896169891273749,732.8362732269981,-232.52859341946396,552.9639105437047
final_case4_case2geom_fixed_bangbang_n100_clean,case4,full,62,99462,16,20,27.600000000000257,0.4146347065788753,733.1089541975255,-232.00652289956008,552.9538542732523
final_case4_case2geom_fixed_bangbang_n100_clean,case4,full,62,99462,8,20,27.70000000000026,0.5770182937090502,730.4654340152672,-231.41546973800155,550.8844030493012
final_case4_case2geom_fixed_bangbang_n100_clean,case4,full,62,99462,14,26,28.650000000000272,0.6219401729504045,-270.3696017146735,-851.3502230243212,491.5514723900548
final_case4_case2geom_fixed_bangbang_n100_clean,case4,full,62,99462,6,26,28.700000000000273,2.077282516803826,-269.9244307070432,-848.9548973446053,490.2282807641382
final_case4_case2geom_fixed_bangbang_n100_clean,case4,full,63,99463,14,26,26.100000000000236,2.6303808180430144,-228.34426317074283,-764.2658388154532,473.0994314090112
final_case4_case2geom_fixed_bangbang_n100_clean,case4,full,63,99463,15,27,26.250000000000238,1.6387349781276406,671.9546714676596,-375.91319871594965,457.69230060586386
final_case4_case2geom_fixed_bangbang_n100_clean,case4,full,63,99463,6,26,26.30000000000024,0.23553223995411007,-227.30590512459221,-762.4599192543238,471.78540557709044
final_case4_case2geom_fixed_bangbang_n100_clean,case4,full,63,99463,7,27,26.40000000000024,0.9410454152552412,669.4027546855406,-374.3854381015012,455.76451892780045
final_case4_case2geom_fixed_bangbang_n100_clean,case4,full,63,99463,13,25,27.00000000000025,2.643164429032563,-425.68759560279057,-679.2140353176155,483.3746634061528
final_case4_case2geom_fixed_bangbang_n100_clean,case4,full,63,99463,5,25,27.250000000000252,1.0634605609571748,-423.3423762902299,-675.5155440300371,480.52725591633134
final_case4_case2geom_fixed_bangbang_n100_clean,case4,full,63,99463,1,21,27.85000000000026,1.5682401662826673,396.2008355898007,808.0398062177132,448.22876336184646
final_case4_case2geom_fixed_bangbang_n100_clean,case4,full,63,99463,9,21,27.85000000000026,2.3467199786721302,395.71677493847625,807.5131198468772,447.8987851782014
final_case4_case2geom_fixed_bangbang_n100_clean,case4,full,63,99463,17,21,27.90000000000026,1.968021320520019,395.409914522856,806.697039704407,447.41588064091445
final_case4_case2geom_fixed_bangbang_n100_clean,case4,full,63,99463,0,20,28.000000000000263,0.8278818467862923,878.7548437139878,-183.14850835564647,491.64651265647814
final_case4_case2geom_fixed_bangbang_n100_clean,case4,full,63,99463,16,20,28.000000000000263,1.0622068661674042,878.5489200135137,-183.17226380063542,491.5214739139969
final_case4_case2geom_fixed_bangbang_n100_clean,case4,full,63,99463,8,20,28.050000000000264,2.998497783938941,875.872995749769,-182.88545703481978,489.91306770323797
final_case4_case2geom_fixed_bangbang_n100_clean,case4,full,63,99463,12,24,28.45000000000027,2.5426702798463534,-886.8532397517696,187.25637302496895,492.7913460928565
final_case4_case2geom_fixed_bangbang_n100_clean,case4,full,63,99463,4,24,28.55000000000027,2.6284334674465955,-884.4074731811417,186.90701576851197,491.3545517855572
final_case4_case2geom_fixed_bangbang_n100_clean,case4,full,63,99463,3,23,28.60000000000027,1.2303931463290199,-720.7728003486203,448.07069408422376,459.4013549343701
final_case4_case2geom_fixed_bangbang_n100_clean,case4,full,63,99463,11,23,28.60000000000027,0.409899196782191,-721.4138940185709,448.8108464369879,459.9845995345825
final_case4_case2geom_fixed_bangbang_n100_clean,case4,full,63,99463,2,22,28.650000000000272,2.9088861370319528,180.78365497135565,923.1222677804367,437.4533116236883
final_case4_case2geom_fixed_bangbang_n100_clean,case4,full,63,99463,10,22,28.700000000000273,0.410692980042099,180.56305823722838,924.2347995227217,437.99191928646553
final_case4_case2geom_fixed_bangbang_n100_clean,case4,full,63,99463,18,22,28.750000000000274,1.3280302215288733,180.33787231672727,922.2461363889165,436.98666302704135
final_case4_case2geom_fixed_bangbang_n100_clean,case4,full,63,99463,19,23,28.750000000000274,0.24038367986470616,-718.369101750772,446.68581221926524,457.7499495992408
final_case4_case2geom_fixed_bangbang_n100_clean,case4,full,64,99464,11,23,25.80000000000023,2.4758530437672843,-702.2650816095751,426.5455198600736,460.2647307078242
final_case4_case2geom_fixed_bangbang_n100_clean,case4,full,64,99464,3,23,25.850000000000232,1.0484378277046136,-702.1342698675295,426.82388729781513,460.2965287414665
final_case4_case2geom_fixed_bangbang_n100_clean,case4,full,64,99464,19,23,25.900000000000233,0.7976908270197438,-701.3359253685217,426.3314201074921,459.7199300652654
final_case4_case2geom_fixed_bangbang_n100_clean,case4,full,64,99464,14,26,26.45000000000024,2.815952598148469,-125.01948381089105,-821.7077057018637,445.3577921724326
final_case4_case2geom_fixed_bangbang_n100_clean,case4,full,64,99464,0,20,26.50000000000024,0.7263749608493242,825.2914066652329,-78.26333234387667,502.49356692311136
final_case4_case2geom_fixed_bangbang_n100_clean,case4,full,64,99464,16,20,26.50000000000024,2.710202456928196,823.6511923885674,-78.57361135127724,501.3610319440742
final_case4_case2geom_fixed_bangbang_n100_clean,case4,full,64,99464,8,20,26.600000000000243,1.7958116710082428,822.3459574085765,-78.16171671046112,500.5273063658513
final_case4_case2geom_fixed_bangbang_n100_clean,case4,full,64,99464,6,26,26.650000000000244,1.3133944882878579,-124.3064381722533,-818.7078300294102,443.60542502873665
final_case4_case2geom_fixed_bangbang_n100_clean,case4,full,64,99464,15,27,26.650000000000244,0.920203293271079,730.7417531215681,-402.27443090538316,484.8627047482141
final_case4_case2geom_fixed_bangbang_n100_clean,case4,full,64,99464,7,27,26.750000000000245,1.3395641013273891,728.4088915853888,-400.7332613664761,483.0982685544218
final_case4_case2geom_fixed_bangbang_n100_clean,case4,full,64,99464,12,24,27.550000000000257,1.9896611042105279,-819.7330421673463,223.64244374867587,523.2646970638415
final_case4_case2geom_fixed_bangbang_n100_clean,case4,full,64,99464,1,21,27.650000000000258,0.25328388926399953,473.45249653232577,764.6883482442657,454.5323699627337
final_case4_case2geom_fixed_bangbang_n100_clean,case4,full,64,99464,4,24,27.650000000000258,0.4330942264786543,-818.9312161924668,223.1028233221211,522.5761841140138
final_case4_case2geom_fixed_bangbang_n100_clean,case4,full,64,99464,9,21,27.650000000000258,2.7225544197582154,471.78658293383904,763.097974932303,453.4749478189301
final_case4_case2geom_fixed_bangbang_n100_clean,case4,full,64,99464,17,21,27.650000000000258,2.018846734178073,472.29131474451736,763.5091690204349,453.76453697475006
final_case4_case2geom_fixed_bangbang_n100_clean,case4,full,64,99464,13,25,28.000000000000263,2.101908457387134,-447.0317174704158,-763.26635269396,486.8546872757972
final_case4_case2geom_fixed_bangbang_n100_clean,case4,full,64,99464,5,25,28.100000000000264,1.669265829227141,-446.16741505537897,-761.7518693085714,485.8305018827361
final_case4_case2geom_fixed_bangbang_n100_clean,case4,full,64,99464,2,22,28.850000000000275,2.99461339696131,194.46712683923326,870.21320055763,540.416724816407
final_case4_case2geom_fixed_bangbang_n100_clean,case4,full,64,99464,10,22,28.950000000000276,0.5601793762058725,194.0284884309469,870.1359002718076,540.2157170150554
final_case4_case2geom_fixed_bangbang_n100_clean,case4,full,64,99464,18,22,28.950000000000276,1.100983940457914,194.01859137708698,869.6514794184359,539.9475655491217
