case,variant,variant_label,analysis_stratum,metric,N_episodes,mean,std,median,q1,q3,mean_ci95_low,mean_ci95_high
case1,full,ART-MAPPO,strict_all_8_groups_complete,E_co_time_s,90,0.01331404320987618,0.0026485430986383602,0.01302083333333326,0.011458333333332682,0.014583333333333098,0.012777777777777402,0.013865740740740406
case1,full,ART-MAPPO,strict_all_8_groups_complete,E_n_terminal_sample_g,90,0.298649788919935,0.031303110310076196,0.30021520094868315,0.27481385768484634,0.3177708761749371,0.29212993124841125,0.30502542647198827
case1,full,ART-MAPPO,strict_all_8_groups_complete,E_miss_m,90,1.76885369696926,0.17805536299072444,1.7379768297983778,1.6625023848050453,1.908447124577318,1.7328625455025404,1.8054376143144213
case1,full,ART-MAPPO,strict_all_8_groups_complete,E_t_s,90,35.268819444444446,0.053907158899228994,35.278125,35.26875,35.287499999999994,35.25763888888889,35.27993055555555
case1,full,ART-MAPPO,complete_group_conditioned_episode,E_co_time_s,100,0.013146660052909692,0.003076239767197717,0.012648809523809323,0.011458333333332682,0.014583333333333245,0.012536871693121373,0.013750057870369998
case1,full,ART-MAPPO,complete_group_conditioned_episode,E_n_terminal_sample_g,100,0.29839561047855034,0.030147655001044285,0.2988954020185457,0.2785553744682454,0.31699675998128635,0.2925651144360796,0.3042601276369918
case1,full,ART-MAPPO,complete_group_conditioned_episode,E_miss_m,100,1.7662882575987497,0.17726342693691827,1.7465994457456264,1.660314328882004,1.9042038086126578,1.7317684374056506,1.801307109565852
case1,full,ART-MAPPO,complete_group_conditioned_episode,E_t_s,100,35.264901785714294,0.15628778119808115,35.278125,35.26875,35.2890625,35.23401741071429,35.29491272321429
case1,no_trust,w/o Trust,strict_all_8_groups_complete,E_co_time_s,90,0.01332947530864174,0.0036568036324013675,0.011458333333333423,0.011458333333332979,0.014583333333333356,0.012592592592592407,0.014093460648147956
case1,no_trust,w/o Trust,strict_all_8_groups_complete,E_n_terminal_sample_g,90,0.2784430572472008,0.036255407247351594,0.2767638270251874,0.25766209602229584,0.2945214513315765,0.27101734591550314,0.2859637361879311
case1,no_trust,w/o Trust,strict_all_8_groups_complete,E_miss_m,90,1.737514932519405,0.1837919121926416,1.7352473203293266,1.6019516762252273,1.869851222908323,1.700224833849015,1.7767154956558584
case1,no_trust,w/o Trust,strict_all_8_groups_complete,E_t_s,90,35.63215277777778,1.140703278101703,35.4375,35.26875,36.612500000000004,35.39381770833334,35.862781250000005
case1,no_trust,w/o Trust,complete_group_conditioned_episode,E_co_time_s,100,0.013421130952380728,0.0035436396548429814,0.011805555555555475,0.011458333333332979,0.014583333333333282,0.012726674107142679,0.014121031746031472
case1,no_trust,w/o Trust,complete_group_conditioned_episode,E_n_terminal_sample_g,100,0.2780280239196113,0.036746306376775624,0.2767638270251874,0.25601124032255385,0.29738758604460347,0.27083912358615336,0.2852157844268697
case1,no_trust,w/o Trust,complete_group_conditioned_episode,E_miss_m,100,1.745785791523145,0.18216067441853703,1.7371284113445062,1.6075126735272869,1.8774538494596429,1.7099900622905027,1.7814909779344796
case1,no_trust,w/o Trust,complete_group_conditioned_episode,E_t_s,100,35.639008928571435,1.1064437822194557,35.4375,35.26875,36.60625,35.42404263392858,35.85177633928572
case1,no_gru,w/o GRU,strict_all_8_groups_complete,E_co_time_s,92,0.013836050724637597,0.0030583357032020163,0.014236111111110894,0.01145833333333372,0.014583333333333986,0.01322086352656994,0.014462560386473337
case1,no_gru,w/o GRU,strict_all_8_groups_complete,E_n_terminal_sample_g,92,0.2713153373102365,0.030561713978325435,0.2694217929514099,0.24933013335446957,0.2938235964531543,0.26508123811684114,0.2775831158543975
case1,no_gru,w/o GRU,strict_all_8_groups_complete,E_miss_m,92,1.7268451351839835,0.14870097623888698,1.7314481265776138,1.594920160721421,1.8437548003518471,1.6958282461146665,1.7575800985338466
case1,no_gru,w/o GRU,strict_all_8_groups_complete,E_t_s,92,35.28396739130435,0.031054392581637225,35.29375,35.2625,35.306250000000006,35.277649456521736,35.290217391304346
case1,no_gru,w/o GRU,complete_group_conditioned_episode,E_co_time_s,100,0.013927579365079275,0.0031423458168308343,0.014236111111110894,0.01145833333333372,0.01536458333333296,0.013331832837301551,0.014532750496031692
case1,no_gru,w/o GRU,complete_group_conditioned_episode,E_n_terminal_sample_g,100,0.27107679354254033,0.029567643957433467,0.2694217929514099,0.2500574762222284,0.29304968695853495,0.2651065468219216,0.27691000927456094
case1,no_gru,w/o GRU,complete_group_conditioned_episode,E_miss_m,100,1.7263921043876431,0.1535591628272579,1.7314481265776138,1.594920160721421,1.8437548003518471,1.696450532917129,1.7565458779089016
case1,no_gru,w/o GRU,complete_group_conditioned_episode,E_t_s,100,35.273678571428576,0.15247163156899937,35.29375,35.2609375,35.307812500000004,35.24399107142858,35.302536383928576
case1,no_attention_residual,w/o A-R,strict_all_8_groups_complete,E_co_time_s,81,0.013601680384087825,0.0027377707769224414,0.014236111111110747,0.011458333333333126,0.014583333333333837,0.013001543209876568,0.014184670781893045
case1,no_attention_residual,w/o A-R,strict_all_8_groups_complete,E_n_terminal_sample_g,81,0.314227313289683,0.03735832838677422,0.31501661492005606,0.2821860438985272,0.34684531237521293,0.30628082360284486,0.3222307850960251
case1,no_attention_residual,w/o A-R,strict_all_8_groups_complete,E_miss_m,81,1.7383203296642424,0.19724583475667853,1.735493490342407,1.5667576963131806,1.8706247237919762,1.6955480721654912,1.779804521572768
case1,no_attention_residual,w/o A-R,strict_all_8_groups_complete,E_t_s,81,35.45648148148149,0.2385941990918434,35.45625,35.43125,35.462500000000006,35.405169753086426,35.508179012345686
case1,no_attention_residual,w/o A-R,complete_group_conditioned_episode,E_co_time_s,100,0.013565641534391477,0.0025948129873037654,0.013293650793650715,0.011458333333333126,0.014583333333333504,0.013046292162698361,0.014074574239417943
case1,no_attention_residual,w/o A-R,complete_group_conditioned_episode,E_n_terminal_sample_g,100,0.3114393940039924,0.03729389212260683,0.3097767196555814,0.2801843523034485,0.34467450670298594,0.3042708478639081,0.3187881171097792
case1,no_attention_residual,w/o A-R,complete_group_conditioned_episode,E_miss_m,100,1.7099755066419238,0.1934066189659788,1.7001156892367641,1.5491584538204692,1.8245727952727555,1.6720054646604732,1.7480151744589363
case1,no_attention_residual,w/o A-R,complete_group_conditioned_episode,E_t_s,100,35.482309523809526,0.2892388764124286,35.462500000000006,35.431250000000006,35.75714285714285,35.42604866071429,35.53893921130953
case2,full,ART-MAPPO,strict_all_8_groups_complete,E_co_time_s,0,nan,nan,nan,nan,nan,nan,nan
case2,full,ART-MAPPO,strict_all_8_groups_complete,E_n_terminal_sample_g,0,nan,nan,nan,nan,nan,nan,nan
case2,full,ART-MAPPO,strict_all_8_groups_complete,E_miss_m,0,nan,nan,nan,nan,nan,nan,nan
case2,full,ART-MAPPO,strict_all_8_groups_complete,E_t_s,0,nan,nan,nan,nan,nan,nan,nan
case2,full,ART-MAPPO,complete_group_conditioned_episode,E_co_time_s,100,1.4058449074074073,2.0203392407092244,0.07638888888889067,0.029340277777778846,3.4238425925925933,1.034278240740741,1.820349768518518
case2,full,ART-MAPPO,complete_group_conditioned_episode,E_n_terminal_sample_g,100,0.40815138932438544,0.06855961967557427,0.40902487103521645,0.37163666620255514,0.445472244387772,0.3945637809494081,0.4216330882035964
case2,full,ART-MAPPO,complete_group_conditioned_episode,E_miss_m,100,2.4556149227166872,0.15495927664657871,2.4471921242122097,2.356829002056792,2.5819504403798983,2.425150285434893,2.4856476043187845
case2,full,ART-MAPPO,complete_group_conditioned_episode,E_t_s,100,64.91416666666667,4.360593443830707,66.83333333333334,60.39583333333334,69.4875,64.04420520833334,65.79380520833334
case2,no_trust,w/o Trust,strict_all_8_groups_complete,E_co_time_s,0,nan,nan,nan,nan,nan,nan,nan
case2,no_trust,w/o Trust,strict_all_8_groups_complete,E_n_terminal_sample_g,0,nan,nan,nan,nan,nan,nan,nan
case2,no_trust,w/o Trust,strict_all_8_groups_complete,E_miss_m,0,nan,nan,nan,nan,nan,nan,nan
case2,no_trust,w/o Trust,strict_all_8_groups_complete,E_t_s,0,nan,nan,nan,nan,nan,nan,nan
case2,no_trust,w/o Trust,complete_group_conditioned_episode,E_co_time_s,82,0.519078590785908,1.1006749889283975,0.10833333333333417,0.02685185185185368,0.27204861111111256,0.30087214882565494,0.7647459349593494
case2,no_trust,w/o Trust,complete_group_conditioned_episode,E_n_terminal_sample_g,82,0.37521063149151396,0.09206344626058828,0.3645558160772694,0.3168372175573075,0.40816683317834207,0.35641649040205564,0.39655289667892596
case2,no_trust,w/o Trust,complete_group_conditioned_episode,E_miss_m,82,2.323173548918827,0.2102073791115119,2.31884236354185,2.1786472211963064,2.465519404667023,2.278256497158668,2.3687183095433832
case2,no_trust,w/o Trust,complete_group_conditioned_episode,E_t_s,82,61.51718495934959,3.9541109180532046,62.083333333333336,57.35,64.003125,60.65835645325205,62.34327566056912
case2,no_gru,w/o GRU,strict_all_8_groups_complete,E_co_time_s,0,nan,nan,nan,nan,nan,nan,nan
case2,no_gru,w/o GRU,strict_all_8_groups_complete,E_n_terminal_sample_g,0,nan,nan,nan,nan,nan,nan,nan
case2,no_gru,w/o GRU,strict_all_8_groups_complete,E_miss_m,0,nan,nan,nan,nan,nan,nan,nan
case2,no_gru,w/o GRU,strict_all_8_groups_complete,E_t_s,0,nan,nan,nan,nan,nan,nan,nan
case2,no_gru,w/o GRU,complete_group_conditioned_episode,E_co_time_s,100,0.03165277777777784,0.01791678750330244,0.0277777777777762,0.02222222222222333,0.03356481481481468,0.028439814814814866,0.03537737268518521
case2,no_gru,w/o GRU,complete_group_conditioned_episode,E_n_terminal_sample_g,100,0.37114848858231964,0.06233063155145179,0.37358702713993197,0.33165060171285055,0.4091128190495108,0.3589146818526816,0.3831805786163359
case2,no_gru,w/o GRU,complete_group_conditioned_episode,E_miss_m,100,2.5612239173059232,0.11422603401631665,2.5765258806487923,2.4793316796033626,2.6338086125661277,2.538652709565169,2.5833075813894126
case2,no_gru,w/o GRU,complete_group_conditioned_episode,E_t_s,100,68.424125,1.68968348107085,68.0,67.66875,69.59166666666667,68.07720625,68.73348229166666
case2,no_attention_residual,w/o A-R,strict_all_8_groups_complete,E_co_time_s,0,nan,nan,nan,nan,nan,nan,nan
case2,no_attention_residual,w/o A-R,strict_all_8_groups_complete,E_n_terminal_sample_g,0,nan,nan,nan,nan,nan,nan,nan
case2,no_attention_residual,w/o A-R,strict_all_8_groups_complete,E_miss_m,0,nan,nan,nan,nan,nan,nan,nan
case2,no_attention_residual,w/o A-R,strict_all_8_groups_complete,E_t_s,0,nan,nan,nan,nan,nan,nan,nan
case2,no_attention_residual,w/o A-R,complete_group_conditioned_episode,E_co_time_s,99,2.950039749345305,4.298027199723263,0.088888888888887,0.041319444444443576,5.227777777777776,2.1375290520950245,3.816913346427235
case2,no_attention_residual,w/o A-R,complete_group_conditioned_episode,E_n_terminal_sample_g,99,0.4385198658615307,0.0907808094230534,0.42146211642798614,0.37336064925262924,0.5144733559771748,0.4211114482756861,0.45630909471060555
case2,no_attention_residual,w/o A-R,complete_group_conditioned_episode,E_miss_m,99,2.58187789364325,0.14381971383380052,2.6034539929431926,2.486067509863508,2.6812150279173337,2.5532491662690684,2.609165346764716
case2,no_attention_residual,w/o A-R,complete_group_conditioned_episode,E_t_s,99,63.86233164983165,4.9986617369763495,65.6,60.25833333333334,67.82499999999999,62.84532196969697,64.80787037037037
