time,train_processes,training_done,training_failed,latest_update_sum,post_pipeline_complete,gpu_memory_mib,gpu_util_percent
2026-08-01T12:58:48+08:00,8,0,0,34,0,5117,97
2026-08-01T12:59:49+08:00,8,0,0,53,0,5117,99
2026-08-01T13:00:49+08:00,8,0,0,73,0,5117,98
2026-08-01T13:01:49+08:00,8,0,0,92,0,5117,99
2026-08-01T13:02:49+08:00,8,0,0,109,0,5117,97
2026-08-01T13:03:49+08:00,8,0,0,128,0,5117,97
2026-08-01T13:04:49+08:00,8,0,0,145,0,5117,77
2026-08-01T13:05:49+08:00,8,0,0,162,0,5117,82
2026-08-01T13:06:49+08:00,8,0,0,179,0,5117,99
2026-08-01T13:07:49+08:00,8,0,0,198,0,5117,82
2026-08-01T13:08:49+08:00,8,0,0,216,0,5117,88
2026-08-01T13:09:49+08:00,8,0,0,234,0,5117,89
2026-08-01T13:10:49+08:00,8,0,0,253,0,5117,95
2026-08-01T13:11:49+08:00,8,0,0,273,0,5117,98
2026-08-01T13:12:49+08:00,8,0,0,293,0,5117,98
2026-08-01T13:13:49+08:00,8,0,0,311,0,5117,99
2026-08-01T13:14:49+08:00,8,0,0,331,0,5117,99
2026-08-01T13:15:49+08:00,8,0,0,352,0,5117,99
2026-08-01T13:16:49+08:00,8,0,0,370,0,5117,99
2026-08-01T13:17:49+08:00,8,0,0,390,0,5117,99
2026-08-01T13:18:49+08:00,8,0,0,409,0,5117,99
2026-08-01T13:19:49+08:00,8,0,0,428,0,5117,99
2026-08-01T13:20:49+08:00,8,0,0,449,0,5117,98
2026-08-01T13:21:49+08:00,8,0,0,468,0,5117,95
2026-08-01T13:22:49+08:00,8,0,0,487,0,5113,99
2026-08-01T13:23:49+08:00,8,0,0,507,0,5117,99
2026-08-01T13:24:49+08:00,8,0,0,527,0,5117,92
2026-08-01T13:25:49+08:00,8,0,0,546,0,5117,93
2026-08-01T13:26:50+08:00,8,0,0,566,0,5117,96
2026-08-01T13:27:50+08:00,8,0,0,585,0,5117,97
2026-08-01T13:28:50+08:00,8,0,0,605,0,5117,92
2026-08-01T13:29:50+08:00,8,0,0,624,0,5117,99
2026-08-01T13:30:50+08:00,8,0,0,645,0,5117,95
2026-08-01T13:31:50+08:00,8,0,0,663,0,5117,99
2026-08-01T13:32:50+08:00,8,0,0,683,0,5117,93
2026-08-01T13:33:50+08:00,8,0,0,702,0,5117,99
2026-08-01T13:34:50+08:00,8,0,0,723,0,5117,97
2026-08-01T13:35:50+08:00,8,0,0,740,0,5117,99
2026-08-01T13:36:50+08:00,8,0,0,761,0,5117,99
2026-08-01T13:37:50+08:00,8,0,0,781,0,5117,99
2026-08-01T13:38:50+08:00,8,0,0,801,0,5117,99
2026-08-01T13:39:50+08:00,8,0,0,818,0,5117,99
2026-08-01T13:40:50+08:00,8,0,0,838,0,5117,99
2026-08-01T13:41:50+08:00,8,0,0,860,0,5117,96
2026-08-01T13:42:50+08:00,8,0,0,878,0,5117,99
2026-08-01T13:43:50+08:00,8,0,0,897,0,5117,99
2026-08-01T13:44:50+08:00,8,0,0,918,0,5117,98
2026-08-01T13:45:50+08:00,8,0,0,937,0,5117,98
2026-08-01T13:46:50+08:00,8,0,0,957,0,5117,99
2026-08-01T13:47:50+08:00,8,0,0,975,0,5117,97
2026-08-01T13:48:50+08:00,8,0,0,995,0,5117,97
2026-08-01T13:49:50+08:00,8,0,0,1016,0,5117,99
2026-08-01T13:50:50+08:00,8,0,0,1036,0,5117,97
2026-08-01T13:51:50+08:00,8,0,0,1053,0,5117,99
2026-08-01T13:52:50+08:00,8,0,0,1073,0,5117,98
2026-08-01T13:53:50+08:00,8,0,0,1094,0,5117,95
2026-08-01T13:54:50+08:00,8,0,0,1113,0,5117,94
2026-08-01T13:55:50+08:00,8,0,0,1132,0,5117,97
2026-08-01T13:56:50+08:00,8,0,0,1152,0,5117,98
2026-08-01T13:57:51+08:00,8,0,0,1173,0,5117,97
2026-08-01T13:58:51+08:00,8,0,0,1190,0,5117,99
2026-08-01T13:59:51+08:00,8,0,0,1210,0,5113,99
2026-08-01T14:00:51+08:00,8,0,0,1230,0,5113,90
2026-08-01T14:01:51+08:00,8,0,0,1250,0,5113,98
2026-08-01T14:02:51+08:00,8,0,0,1270,0,5113,99
2026-08-01T14:03:51+08:00,8,0,0,1288,0,5113,99
2026-08-01T14:04:51+08:00,8,0,0,1308,0,5113,96
2026-08-01T14:05:51+08:00,8,0,0,1328,0,5113,99
2026-08-01T14:06:51+08:00,8,0,0,1346,0,5113,99
2026-08-01T14:07:51+08:00,8,0,0,1365,0,5113,98
2026-08-01T14:08:51+08:00,8,0,0,1387,0,5113,91
2026-08-01T14:09:51+08:00,8,0,0,1406,0,5113,93
2026-08-01T14:10:51+08:00,8,0,0,1424,0,5113,99
2026-08-01T14:11:51+08:00,8,0,0,1445,0,5113,99
2026-08-01T14:12:51+08:00,8,0,0,1464,0,5113,95
2026-08-01T14:13:51+08:00,8,0,0,1483,0,5113,98
2026-08-01T14:14:51+08:00,8,0,0,1504,0,5117,96
2026-08-01T14:15:51+08:00,8,0,0,1523,0,5117,99
2026-08-01T14:16:51+08:00,8,0,0,1542,0,5117,98
2026-08-01T14:17:51+08:00,8,0,0,1561,0,5117,99
2026-08-01T14:18:51+08:00,8,0,0,1582,0,5117,96
2026-08-01T14:19:51+08:00,8,0,0,1601,0,5117,99
2026-08-01T14:20:51+08:00,8,0,0,1620,0,5117,97
2026-08-01T14:21:51+08:00,8,0,0,1640,0,5117,97
2026-08-01T14:22:51+08:00,8,0,0,1659,0,5117,99
2026-08-01T14:23:51+08:00,8,0,0,1679,0,5117,94
2026-08-01T14:24:51+08:00,8,0,0,1698,0,5117,98
2026-08-01T14:25:51+08:00,8,0,0,1719,0,5117,99
2026-08-01T14:26:52+08:00,8,0,0,1737,0,5117,99
2026-08-01T14:27:52+08:00,8,0,0,1757,0,5117,98
2026-08-01T14:28:52+08:00,8,0,0,1777,0,5117,98
2026-08-01T14:29:52+08:00,8,0,0,1794,0,5117,98
2026-08-01T14:30:52+08:00,8,0,0,1815,0,5117,99
2026-08-01T14:31:52+08:00,8,0,0,1836,0,5117,97
2026-08-01T14:32:52+08:00,8,0,0,1854,0,5117,97
2026-08-01T14:33:52+08:00,8,0,0,1874,0,5117,92
2026-08-01T14:34:52+08:00,8,0,0,1894,0,5117,94
2026-08-01T14:35:52+08:00,8,0,0,1913,0,5117,94
2026-08-01T14:36:52+08:00,8,0,0,1932,0,5117,93
2026-08-01T14:37:52+08:00,8,0,0,1952,0,5117,99
2026-08-01T14:38:52+08:00,8,0,0,1973,0,5117,95
2026-08-01T14:39:52+08:00,8,0,0,1991,0,5117,86
2026-08-01T14:40:52+08:00,8,0,0,2010,0,5117,95
2026-08-01T14:41:52+08:00,8,0,0,2030,0,5117,96
2026-08-01T14:42:52+08:00,8,0,0,2049,0,5117,99
2026-08-01T14:43:52+08:00,8,0,0,2069,0,5410,99
2026-08-01T14:44:52+08:00,8,0,0,2088,0,5175,98
2026-08-01T14:45:52+08:00,8,0,0,2107,0,5175,99
2026-08-01T14:46:52+08:00,8,0,0,2127,0,5175,95
2026-08-01T14:47:52+08:00,8,0,0,2146,0,5175,97
2026-08-01T14:48:52+08:00,8,0,0,2166,0,5175,98
2026-08-01T14:49:52+08:00,8,0,0,2186,0,5175,92
2026-08-01T14:50:52+08:00,8,0,0,2204,0,5175,99
2026-08-01T14:51:52+08:00,8,0,0,2223,0,5175,99
2026-08-01T14:52:52+08:00,8,0,0,2243,0,5175,99
2026-08-01T14:53:52+08:00,8,0,0,2263,0,5115,98
2026-08-01T14:54:53+08:00,8,0,0,2281,0,5115,98
2026-08-01T14:55:53+08:00,8,0,0,2298,0,5115,95
2026-08-01T14:56:53+08:00,8,0,0,2316,0,5119,86
2026-08-01T14:57:53+08:00,8,0,0,2334,0,5119,72
2026-08-01T14:58:53+08:00,8,0,0,2349,0,5119,99
2026-08-01T14:59:53+08:00,8,0,0,2364,0,5119,72
2026-08-01T15:00:53+08:00,8,0,0,2381,0,5119,74
2026-08-01T15:01:53+08:00,8,0,0,2397,0,5119,78
2026-08-01T15:02:53+08:00,8,0,0,2414,0,5119,98
2026-08-01T15:03:53+08:00,8,0,0,2433,0,5119,92
2026-08-01T15:04:53+08:00,8,0,0,2450,0,5119,99
2026-08-01T15:05:53+08:00,8,0,0,2469,0,5119,99
2026-08-01T15:06:53+08:00,8,0,0,2489,0,5119,93
2026-08-01T15:07:53+08:00,8,0,0,2507,0,5119,98
2026-08-01T15:08:53+08:00,8,0,0,2527,0,5119,99
2026-08-01T15:09:53+08:00,8,0,0,2547,0,5119,99
2026-08-01T15:10:53+08:00,8,0,0,2565,0,5115,93
2026-08-01T15:11:53+08:00,8,0,0,2584,0,5115,99
2026-08-01T15:12:53+08:00,8,0,0,2603,0,5115,99
2026-08-01T15:13:53+08:00,8,0,0,2622,0,5115,99
2026-08-01T15:14:53+08:00,8,0,0,2641,0,5115,99
2026-08-01T15:15:53+08:00,8,0,0,2659,0,5115,99
2026-08-01T15:16:54+08:00,8,0,0,2679,0,5115,97
2026-08-01T15:17:54+08:00,8,0,0,2698,0,5119,97
2026-08-01T15:18:54+08:00,8,0,0,2716,0,5119,99
2026-08-01T15:19:54+08:00,8,0,0,2735,0,5119,99
2026-08-01T15:20:54+08:00,8,0,0,2756,0,5119,96
2026-08-01T15:21:54+08:00,8,0,0,2773,0,5119,99
2026-08-01T15:22:54+08:00,8,0,0,2793,0,5119,95
2026-08-01T15:23:54+08:00,8,0,0,2811,0,5119,99
2026-08-01T15:24:54+08:00,8,0,0,2830,0,5119,99
2026-08-01T15:25:54+08:00,8,0,0,2850,0,5119,97
2026-08-01T15:26:54+08:00,8,0,0,2868,0,5119,95
2026-08-01T15:27:54+08:00,8,0,0,2889,0,5119,99
2026-08-01T15:28:54+08:00,8,0,0,2909,0,5119,83
2026-08-01T15:29:54+08:00,8,0,0,2925,0,5119,98
2026-08-01T15:30:54+08:00,8,0,0,2945,0,5119,99
2026-08-01T15:31:54+08:00,8,0,0,2964,0,5119,98
2026-08-01T15:32:54+08:00,8,0,0,2984,0,5119,92
2026-08-01T15:33:54+08:00,8,0,0,3002,0,5119,98
2026-08-01T15:34:54+08:00,8,0,0,3022,0,5119,98
2026-08-01T15:35:54+08:00,8,0,0,3042,0,5119,99
2026-08-01T15:36:54+08:00,8,0,0,3062,0,5119,92
2026-08-01T15:37:54+08:00,8,0,0,3081,0,5119,99
2026-08-01T15:38:54+08:00,8,0,0,3101,0,5119,97
2026-08-01T15:39:54+08:00,8,0,0,3118,0,5119,98
2026-08-01T15:40:54+08:00,8,0,0,3135,0,5119,99
2026-08-01T15:41:55+08:00,8,0,0,3155,0,5119,98
2026-08-01T15:42:55+08:00,8,0,0,3172,0,5119,99
2026-08-01T15:43:55+08:00,8,0,0,3191,0,5119,99
2026-08-01T15:44:55+08:00,8,0,0,3211,0,5119,99
2026-08-01T15:45:55+08:00,8,0,0,3232,0,5119,94
2026-08-01T15:46:55+08:00,8,0,0,3251,0,5119,92
2026-08-01T15:47:55+08:00,8,0,0,3269,0,5119,99
2026-08-01T15:48:55+08:00,8,0,0,3290,0,5115,97
2026-08-01T15:49:55+08:00,8,0,0,3308,0,5438,96
2026-08-01T15:50:55+08:00,8,0,0,3326,0,5438,99
2026-08-01T15:51:55+08:00,8,0,0,3347,0,5115,94
2026-08-01T15:52:55+08:00,8,0,0,3366,0,5115,99
2026-08-01T15:53:55+08:00,8,0,0,3384,0,5119,99
2026-08-01T15:54:55+08:00,8,0,0,3405,0,5119,98
2026-08-01T15:55:55+08:00,8,0,0,3425,0,5119,98
2026-08-01T15:56:55+08:00,8,0,0,3444,0,5119,99
2026-08-01T15:57:55+08:00,8,0,0,3463,0,5119,99
2026-08-01T15:58:55+08:00,8,0,0,3482,0,5119,98
2026-08-01T15:59:55+08:00,8,0,0,3501,0,5119,78
2026-08-01T16:00:55+08:00,8,0,0,3515,0,5119,92
2026-08-01T16:01:55+08:00,8,0,0,3534,0,5119,99
2026-08-01T16:02:55+08:00,8,0,0,3555,0,5119,99
2026-08-01T16:03:55+08:00,8,0,0,3574,0,5119,77
2026-08-01T16:04:55+08:00,8,0,0,3593,0,5119,98
2026-08-01T16:05:55+08:00,8,0,0,3613,0,5119,99
2026-08-01T16:06:55+08:00,8,0,0,3632,0,5119,99
2026-08-01T16:07:55+08:00,8,0,0,3652,0,5119,98
2026-08-01T16:08:55+08:00,8,0,0,3671,0,5119,99
2026-08-01T16:09:56+08:00,8,0,0,3691,0,5119,91
2026-08-01T16:10:56+08:00,8,0,0,3710,0,5119,98
2026-08-01T16:11:56+08:00,8,0,0,3731,0,5119,99
2026-08-01T16:12:56+08:00,8,0,0,3749,0,5119,99
2026-08-01T16:13:56+08:00,8,0,0,3767,0,5119,99
2026-08-01T16:14:56+08:00,8,0,0,3789,0,5119,99
2026-08-01T16:15:56+08:00,8,0,0,3809,0,5119,98
2026-08-01T16:16:56+08:00,8,0,0,3826,0,5119,98
2026-08-01T16:17:56+08:00,8,0,0,3847,0,5119,98
2026-08-01T16:18:56+08:00,8,0,0,3866,0,5119,99
2026-08-01T16:19:56+08:00,8,0,0,3886,0,5119,98
2026-08-01T16:20:56+08:00,8,0,0,3905,0,5119,99
2026-08-01T16:21:56+08:00,8,0,0,3925,0,5119,99
2026-08-01T16:22:56+08:00,8,0,0,3944,0,5119,99
2026-08-01T16:23:56+08:00,8,0,0,3964,0,5119,97
2026-08-01T16:24:56+08:00,8,0,0,3984,0,5119,99
2026-08-01T16:25:56+08:00,8,0,0,4003,0,5119,93
2026-08-01T16:26:56+08:00,8,0,0,4023,0,5115,92
2026-08-01T16:27:56+08:00,8,0,0,4042,0,5115,98
2026-08-01T16:28:56+08:00,7,1,0,4063,0,4430,95
2026-08-01T16:29:56+08:00,7,1,0,4079,0,4430,95
2026-08-01T16:30:56+08:00,7,1,0,4098,0,4430,95
2026-08-01T16:31:56+08:00,7,1,0,4118,0,4430,92
2026-08-01T16:32:56+08:00,7,1,0,4135,0,4430,92
2026-08-01T16:33:56+08:00,6,2,0,4154,0,3744,82
2026-08-01T16:34:56+08:00,6,2,0,4171,0,3748,95
2026-08-01T16:35:56+08:00,6,2,0,4188,0,3748,99
2026-08-01T16:36:56+08:00,6,2,0,4205,0,3748,92
2026-08-01T16:37:57+08:00,6,2,0,4222,0,3748,89
2026-08-01T16:38:57+08:00,6,2,0,4240,0,3748,87
2026-08-01T16:39:57+08:00,6,2,0,4258,0,3748,93
2026-08-01T16:40:57+08:00,6,2,0,4274,0,3748,93
2026-08-01T16:41:57+08:00,6,2,0,4292,0,3748,86
2026-08-01T16:42:57+08:00,6,2,0,4310,0,3744,90
2026-08-01T16:43:57+08:00,6,2,0,4327,0,3744,89
2026-08-01T16:44:57+08:00,6,2,0,4345,0,3744,83
2026-08-01T16:45:57+08:00,6,2,0,4361,0,3744,98
2026-08-01T16:46:57+08:00,6,2,0,4378,0,3744,99
2026-08-01T16:47:57+08:00,6,2,0,4396,0,3744,91
2026-08-01T16:48:57+08:00,6,2,0,4414,0,3744,88
2026-08-01T16:49:57+08:00,6,2,0,4431,0,3744,97
2026-08-01T16:50:57+08:00,6,2,0,4448,0,3744,99
2026-08-01T16:51:57+08:00,6,2,0,4464,0,3744,99
2026-08-01T16:52:57+08:00,6,2,0,4482,0,3744,87
2026-08-01T16:53:57+08:00,6,2,0,4500,0,3744,83
2026-08-01T16:54:57+08:00,6,2,0,4518,0,3744,74
2026-08-01T16:55:57+08:00,6,2,0,4534,0,3744,96
2026-08-01T16:56:57+08:00,6,2,0,4551,0,3744,80
2026-08-01T16:57:57+08:00,5,3,0,4567,0,3211,68
2026-08-01T16:58:57+08:00,4,4,0,4583,0,2678,78
2026-08-01T16:59:57+08:00,4,4,0,4597,0,2678,57
2026-08-01T17:00:57+08:00,4,4,0,4610,0,2678,75
2026-08-01T17:01:57+08:00,4,4,0,4625,0,2678,52
2026-08-01T17:02:57+08:00,3,5,0,4635,0,2145,91
2026-08-01T17:03:57+08:00,3,5,0,4647,0,2145,43
2026-08-01T17:04:57+08:00,2,6,0,4658,0,1612,34
2026-08-01T17:05:58+08:00,2,6,0,4666,0,1616,24
2026-08-01T17:06:58+08:00,1,7,0,4674,0,931,5
2026-08-01T17:07:58+08:00,1,7,0,4678,0,931,5
2026-08-01T17:08:58+08:00,0,8,0,4680,0,243,0
2026-08-01T17:09:58+08:00,0,8,0,4680,0,243,0
2026-08-01T17:10:58+08:00,0,8,0,4680,0,243,0
2026-08-01T17:11:58+08:00,0,8,0,4680,0,243,0
2026-08-01T17:12:58+08:00,0,8,0,4680,0,243,0
2026-08-01T17:13:58+08:00,0,8,0,4680,0,243,0
2026-08-01T17:14:58+08:00,0,8,0,4680,0,243,0
2026-08-01T17:15:58+08:00,0,8,0,4680,0,239,0
2026-08-01T17:16:58+08:00,0,8,0,4680,0,239,0
2026-08-01T17:17:58+08:00,0,8,0,4680,0,239,0
2026-08-01T17:18:58+08:00,0,8,0,4680,0,239,0
2026-08-01T17:19:58+08:00,0,8,0,4680,0,239,0
2026-08-01T17:20:58+08:00,0,8,0,4680,0,239,0
2026-08-01T17:21:58+08:00,0,8,0,4680,0,239,0
2026-08-01T17:22:58+08:00,0,8,0,4680,0,239,0
2026-08-01T17:23:58+08:00,0,8,0,4680,0,239,0
2026-08-01T17:24:58+08:00,0,8,0,4680,0,239,0
2026-08-01T17:25:59+08:00,0,8,0,4680,0,239,0
2026-08-01T17:26:59+08:00,0,8,0,4680,0,239,0
2026-08-01T17:27:59+08:00,0,8,0,4680,0,239,0
2026-08-01T17:28:59+08:00,0,8,0,4680,0,239,0
2026-08-01T17:29:59+08:00,0,8,0,4680,0,239,0
2026-08-01T17:30:59+08:00,0,8,0,4680,0,243,0
2026-08-01T17:31:59+08:00,0,8,0,4680,1,243,0
