environment_steps_k,mean,shadow_lower,shadow_upper,n_seeds,moving_average_window_updates
6.00000000,2.751590214,2.750440716,2.752739712,5,15
12.00000000,2.745659934,2.743697732,2.747622137,5,15
18.00000000,2.739284653,2.736905351,2.741663954,5,15
24.00000000,2.732700428,2.729994549,2.735406308,5,15
30.00000000,2.726093437,2.722947592,2.729239282,5,15
36.00000000,2.719816461,2.716068675,2.723564247,5,15
42.00000000,2.713737244,2.709522732,2.717951755,5,15
48.00000000,2.707587138,2.703046416,2.712127861,5,15
54.00000000,2.701358444,2.696695526,2.706021362,5,15
60.00000000,2.695098287,2.690431671,2.699764903,5,15
66.00000000,2.688805643,2.684251675,2.693359611,5,15
72.00000000,2.682497757,2.678200086,2.686795428,5,15
78.00000000,2.676173481,2.672180654,2.680166308,5,15
84.00000000,2.669886208,2.666195481,2.673576934,5,15
90.00000000,2.663563255,2.660174548,2.666951963,5,15
96.00000000,2.650950782,2.647628812,2.654272751,5,15
102.00000000,2.638255817,2.63495059,2.641561043,5,15
108.00000000,2.625560082,2.622247635,2.628872529,5,15
114.00000000,2.612955173,2.609635376,2.61627497,5,15
120.00000000,2.600416701,2.597188885,2.603644517,5,15
126.00000000,2.587873346,2.584825237,2.590921455,5,15
132.00000000,2.575358839,2.57237754,2.578340138,5,15
138.00000000,2.56296315,2.55993238,2.565993919,5,15
144.00000000,2.550723046,2.547514969,2.553931124,5,15
150.00000000,2.538661673,2.535171553,2.542151793,5,15
156.00000000,2.526898763,2.522982573,2.530814954,5,15
162.00000000,2.515405093,2.511058944,2.519751242,5,15
168.00000000,2.504164192,2.499430492,2.508897891,5,15
174.00000000,2.493171555,2.488124064,2.498219047,5,15
180.00000000,2.48249081,2.477265035,2.487716584,5,15
186.00000000,2.472110801,2.466716151,2.47750545,5,15
192.00000000,2.462081112,2.456498339,2.467663885,5,15
198.00000000,2.452387471,2.446436336,2.458338606,5,15
204.00000000,2.442867865,2.436389889,2.449345841,5,15
210.00000000,2.433494758,2.426362348,2.440627169,5,15
216.00000000,2.42427834,2.416541651,2.432015029,5,15
222.00000000,2.415195863,2.406813769,2.423577957,5,15
228.00000000,2.406288846,2.397323919,2.415253772,5,15
234.00000000,2.397484065,2.388033417,2.406934713,5,15
240.00000000,2.388782408,2.37898545,2.398579367,5,15
246.00000000,2.380058691,2.369991019,2.390126363,5,15
252.00000000,2.371389905,2.361074832,2.381704979,5,15
258.00000000,2.362817164,2.352188711,2.373445617,5,15
264.00000000,2.354321043,2.343285052,2.365357035,5,15
270.00000000,2.345928155,2.334444346,2.357411965,5,15
276.00000000,2.33766377,2.325675726,2.349651814,5,15
282.00000000,2.329516222,2.316985597,2.342046847,5,15
288.00000000,2.321438208,2.308426425,2.334449991,5,15
294.00000000,2.313532354,2.300117797,2.326946911,5,15
300.00000000,2.305842601,2.292083069,2.319602133,5,15
306.00000000,2.298342324,2.284164942,2.312519707,5,15
312.00000000,2.291006594,2.276451468,2.305561721,5,15
318.00000000,2.283788765,2.268990412,2.298587118,5,15
324.00000000,2.276747694,2.261639046,2.291856341,5,15
330.00000000,2.269888683,2.254349289,2.285428078,5,15
336.00000000,2.263245902,2.247064758,2.279427046,5,15
342.00000000,2.256790365,2.239824351,2.27375638,5,15
348.00000000,2.250485904,2.232758094,2.268213714,5,15
354.00000000,2.244371699,2.22587632,2.262867077,5,15
360.00000000,2.238418159,2.219109722,2.257726597,5,15
366.00000000,2.232567521,2.212422464,2.252712579,5,15
372.00000000,2.226832701,2.205872122,2.24779328,5,15
378.00000000,2.22121937,2.199505597,2.242933144,5,15
384.00000000,2.215721394,2.193272579,2.23817021,5,15
390.00000000,2.210342518,2.187133787,2.23355125,5,15
396.00000000,2.205019497,2.180966868,2.229072125,5,15
402.00000000,2.199776011,2.174831804,2.224720219,5,15
408.00000000,2.194661915,2.168797921,2.220525909,5,15
414.00000000,2.189774563,2.163129155,2.216419971,5,15
420.00000000,2.185091687,2.157745535,2.212437839,5,15
426.00000000,2.180556755,2.152567921,2.20854559,5,15
432.00000000,2.176083021,2.147577614,2.204588428,5,15
438.00000000,2.171744513,2.142761467,2.200727559,5,15
444.00000000,2.167464336,2.138033899,2.196894773,5,15
450.00000000,2.163206633,2.133419773,2.192993492,5,15
456.00000000,2.15898938,2.129039155,2.188939604,5,15
462.00000000,2.154791279,2.1247426,2.184839957,5,15
468.00000000,2.150666806,2.120509775,2.180823837,5,15
474.00000000,2.146736203,2.116525882,2.176946525,5,15
480.00000000,2.142972549,2.112816348,2.17312875,5,15
486.00000000,2.139346615,2.109393611,2.169299619,5,15
492.00000000,2.135880283,2.106248746,2.16551182,5,15
498.00000000,2.132506256,2.103254992,2.16175752,5,15
504.00000000,2.129142633,2.100276485,2.158008781,5,15
510.00000000,2.12581086,2.09720109,2.15442063,5,15
516.00000000,2.122553237,2.09415916,2.150947314,5,15
522.00000000,2.119419829,2.091250581,2.147589077,5,15
528.00000000,2.116330592,2.088382844,2.14427834,5,15
534.00000000,2.113279437,2.085626633,2.140932241,5,15
540.00000000,2.110278014,2.083009516,2.137546512,5,15
546.00000000,2.107385742,2.080562019,2.134209465,5,15
552.00000000,2.10461009,2.078302793,2.130917387,5,15
558.00000000,2.101933554,2.076316366,2.127550742,5,15
564.00000000,2.099261049,2.074417497,2.124104601,5,15
570.00000000,2.096647532,2.072538141,2.120756922,5,15
576.00000000,2.094093878,2.070591303,2.117596452,5,15
582.00000000,2.09158617,2.068549149,2.114623191,5,15
588.00000000,2.08916656,2.066483259,2.111849861,5,15
594.00000000,2.086832828,2.064327216,2.10933844,5,15
600.00000000,2.084574471,2.062285265,2.106863676,5,15
606.00000000,2.082316919,2.060323217,2.104310621,5,15
612.00000000,2.080124256,2.058408587,2.101839924,5,15
618.00000000,2.078048017,2.056498507,2.099597528,5,15
624.00000000,2.076060959,2.054617451,2.097504468,5,15
630.00000000,2.074147277,2.052830584,2.09546397,5,15
636.00000000,2.072260983,2.05102644,2.093495527,5,15
642.00000000,2.070458841,2.049330012,2.09158767,5,15
648.00000000,2.068791172,2.047775983,2.08980636,5,15
654.00000000,2.06723598,2.046278668,2.088193292,5,15
660.00000000,2.06574234,2.044801835,2.086682844,5,15
666.00000000,2.064321412,2.04350178,2.085141043,5,15
672.00000000,2.06295545,2.042324961,2.083585938,5,15
678.00000000,2.061646314,2.041204282,2.082088346,5,15
684.00000000,2.060359186,2.0401496,2.080568772,5,15
690.00000000,2.05904584,2.039082139,2.07900954,5,15
696.00000000,2.057816841,2.038003385,2.077630298,5,15
702.00000000,2.056617462,2.036875427,2.076359498,5,15
708.00000000,2.055377634,2.035687663,2.075067605,5,15
714.00000000,2.054148295,2.034492685,2.073803906,5,15
720.00000000,2.05300405,2.033387918,2.072620182,5,15
726.00000000,2.051945426,2.032398013,2.07149284,5,15
732.00000000,2.050888401,2.031345845,2.070430957,5,15
738.00000000,2.049792487,2.030183495,2.06940148,5,15
744.00000000,2.048664392,2.02898175,2.068347034,5,15
750.00000000,2.04749412,2.0277518,2.067236441,5,15
756.00000000,2.046317127,2.026400895,2.066233358,5,15
762.00000000,2.045117606,2.025003635,2.065231578,5,15
768.00000000,2.043918401,2.023589079,2.064247722,5,15
774.00000000,2.042758887,2.022150947,2.063366828,5,15
780.00000000,2.041661878,2.020770318,2.062553438,5,15
786.00000000,2.040565268,2.019400395,2.06173014,5,15
792.00000000,2.039457068,2.018017557,2.060896579,5,15
798.00000000,2.038384565,2.016690208,2.060078921,5,15
804.00000000,2.037369209,2.0154531,2.059285318,5,15
810.00000000,2.03639918,2.014261217,2.058537142,5,15
816.00000000,2.035417053,2.013080265,2.057753841,5,15
822.00000000,2.034465331,2.011956779,2.056973884,5,15
828.00000000,2.03354919,2.010901429,2.056196951,5,15
834.00000000,2.032653089,2.009894166,2.055412012,5,15
840.00000000,2.03180722,2.008993868,2.054620573,5,15
846.00000000,2.031052332,2.008291681,2.053812982,5,15
852.00000000,2.030405637,2.007723702,2.053087571,5,15
858.00000000,2.029768154,2.00715213,2.052384179,5,15
864.00000000,2.029081836,2.006584096,2.051579576,5,15
870.00000000,2.028392472,2.006027197,2.050757748,5,15
876.00000000,2.027701604,2.005557863,2.049845345,5,15
882.00000000,2.027035098,2.005146696,2.048923499,5,15
888.00000000,2.026354871,2.004666007,2.048043734,5,15
894.00000000,2.025636371,2.004102181,2.047170561,5,15
900.00000000,2.024824261,2.003450792,2.046197729,5,15
906.00000000,2.023971133,2.002762105,2.045180162,5,15
912.00000000,2.023074068,2.001994783,2.044153353,5,15
918.00000000,2.022194189,2.001191638,2.04319674,5,15
924.00000000,2.021318287,2.000332479,2.042304095,5,15
930.00000000,2.020410427,1.99936529,2.041455565,5,15
936.00000000,2.019450613,1.998343078,2.040558149,5,15
942.00000000,2.018445202,1.997284751,2.039605653,5,15
948.00000000,2.017462211,1.99632178,2.038602642,5,15
954.00000000,2.016567962,1.995472254,2.03766367,5,15
960.00000000,2.015707767,1.994667159,2.036748375,5,15
966.00000000,2.01488004,1.993850272,2.035909807,5,15
972.00000000,2.014008433,1.992967117,2.035049749,5,15
978.00000000,2.0131285,1.992115951,2.03414105,5,15
984.00000000,2.012296434,1.991392819,2.03320005,5,15
990.00000000,2.011536161,1.990754821,2.0323175,5,15
996.00000000,2.010837355,1.990186883,2.031487827,5,15
1002.00000000,2.010169691,1.989694265,2.030645117,5,15
1008.00000000,2.009498273,1.98923705,2.029759497,5,15
1014.00000000,2.008825532,1.988796324,2.028854741,5,15
1020.00000000,2.008160101,1.988345823,2.02797438,5,15
1026.00000000,2.007486452,1.987847112,2.027125792,5,15
1032.00000000,2.006830764,1.987359356,2.026302172,5,15
1038.00000000,2.006204144,1.986881893,2.025526394,5,15
1044.00000000,2.00557342,1.986359056,2.024787783,5,15
1050.00000000,2.004909045,1.985761435,2.024056656,5,15
1056.00000000,2.004209801,1.985134398,2.023285204,5,15
1062.00000000,2.003573356,1.984584734,2.022561978,5,15
1068.00000000,2.002981433,1.984086722,2.021876144,5,15
1074.00000000,2.002375753,1.983560051,2.021191455,5,15
1080.00000000,2.00177114,1.983022607,2.020519673,5,15
1086.00000000,2.001159473,1.982530916,2.01978803,5,15
1092.00000000,2.000538116,1.98211805,2.018958181,5,15
1098.00000000,1.999891042,1.981670423,2.01811166,5,15
1104.00000000,1.99926519,1.981244854,2.017285526,5,15
1110.00000000,1.998673603,1.980904468,2.016442737,5,15
1116.00000000,1.998103752,1.980562451,2.015645052,5,15
1122.00000000,1.997540354,1.980187619,2.01489309,5,15
1128.00000000,1.996962917,1.979774612,2.014151222,5,15
1134.00000000,1.996393379,1.979373943,2.013412816,5,15
1140.00000000,1.995851905,1.979008453,2.012695357,5,15
1146.00000000,1.995368794,1.978690149,2.012047439,5,15
1152.00000000,1.99492028,1.978422148,2.011418412,5,15
1158.00000000,1.994499931,1.978160166,2.010839695,5,15
1164.00000000,1.994089782,1.977870198,2.010309365,5,15
1170.00000000,1.993695693,1.977572174,2.009819212,5,15
1176.00000000,1.993322298,1.977227416,2.009417179,5,15
1182.00000000,1.992993851,1.976850264,2.009137438,5,15
1188.00000000,1.992713236,1.97651394,2.008912532,5,15
1194.00000000,1.992441377,1.976185365,2.008697389,5,15
1200.00000000,1.992181136,1.975853073,2.008509199,5,15
1206.00000000,1.991956563,1.975545656,2.00836747,5,15
1212.00000000,1.991720347,1.975233096,2.008207598,5,15
1218.00000000,1.991486535,1.974928869,2.008044201,5,15
1224.00000000,1.991244217,1.974600024,2.00788841,5,15
1230.00000000,1.99101345,1.974265685,2.007761214,5,15
1236.00000000,1.990773608,1.973902716,2.007644501,5,15
1242.00000000,1.990512994,1.973462837,2.007563151,5,15
1248.00000000,1.990252201,1.973023342,2.007481059,5,15
1254.00000000,1.990009086,1.97261242,2.007405751,5,15
1260.00000000,1.989771947,1.972233634,2.007310259,5,15
1266.00000000,1.989553574,1.971867183,2.007239965,5,15
1272.00000000,1.98935641,1.971525694,2.007187126,5,15
1278.00000000,1.989175134,1.971202032,2.007148235,5,15
1284.00000000,1.989022787,1.970909439,2.007136134,5,15
1290.00000000,1.988881407,1.970652319,2.007110495,5,15
1296.00000000,1.988719919,1.970429808,2.00701003,5,15
1302.00000000,1.988568059,1.970264858,2.006871261,5,15
1308.00000000,1.988421225,1.970119855,2.006722596,5,15
1314.00000000,1.988273877,1.969991829,2.006555926,5,15
1320.00000000,1.988121214,1.969856571,2.006385857,5,15
1326.00000000,1.987968373,1.969714407,2.006222338,5,15
1332.00000000,1.987835798,1.969622612,2.006048984,5,15
1338.00000000,1.98770928,1.969530656,2.005887903,5,15
1344.00000000,1.987588112,1.969452943,2.005723282,5,15
1350.00000000,1.987472143,1.969369768,2.005574518,5,15
1356.00000000,1.987344551,1.969265889,2.005423214,5,15
1362.00000000,1.987194638,1.969111189,2.005278088,5,15
1368.00000000,1.987031889,1.968956638,2.005107139,5,15
1374.00000000,1.986855623,1.968807741,2.004903505,5,15
1380.00000000,1.986686837,1.968667072,2.004706602,5,15
1386.00000000,1.986529811,1.968518508,2.004541114,5,15
1392.00000000,1.986370134,1.968322394,2.004417875,5,15
1398.00000000,1.986214531,1.968113983,2.004315079,5,15
1404.00000000,1.98606681,1.967908509,2.004225111,5,15
1410.00000000,1.985927191,1.967718507,2.004135874,5,15
1416.00000000,1.985803924,1.967541705,2.004066143,5,15
1422.00000000,1.985671823,1.967343945,2.003999701,5,15
1428.00000000,1.985544685,1.967151208,2.003938163,5,15
1434.00000000,1.985431481,1.96697064,2.003892321,5,15
1440.00000000,1.985329857,1.966801144,2.00385857,5,15
1446.00000000,1.985242955,1.966656286,2.003829624,5,15
1452.00000000,1.985168682,1.966536226,2.003801139,5,15
1458.00000000,1.985098534,1.96642026,2.003776809,5,15
1464.00000000,1.985028779,1.966301165,2.003756392,5,15
1470.00000000,1.984960241,1.966158482,2.003761999,5,15
1476.00000000,1.98489906,1.966012574,2.003785546,5,15
1482.00000000,1.984852485,1.965902992,2.003801979,5,15
1488.00000000,1.984813529,1.965801874,2.003825184,5,15
1494.00000000,1.984775353,1.965700766,2.00384994,5,15
1500.00000000,1.984729369,1.965590016,2.003868722,5,15
1506.00000000,1.984672953,1.965468203,2.003877702,5,15
1512.00000000,1.984612319,1.965341117,2.003883521,5,15
1518.00000000,1.98455092,1.965217514,2.003884325,5,15
1524.00000000,1.9844842,1.965094299,2.003874101,5,15
1530.00000000,1.984406381,1.964963219,2.003849544,5,15
1536.00000000,1.984317049,1.964823744,2.003810353,5,15
1542.00000000,1.984226143,1.964694333,2.003757952,5,15
1548.00000000,1.984127702,1.964559094,2.003696311,5,15
1554.00000000,1.98403015,1.96442354,2.003636759,5,15
1560.00000000,1.9839238,1.964291496,2.003556105,5,15
1566.00000000,1.983812701,1.964165514,2.003459887,5,15
1572.00000000,1.983695153,1.964021555,2.003368752,5,15
1578.00000000,1.983569922,1.963867293,2.003272552,5,15
1584.00000000,1.983442127,1.963705855,2.003178398,5,15
1590.00000000,1.983315443,1.963544602,2.003086284,5,15
1596.00000000,1.983184285,1.96337489,2.002993681,5,15
1602.00000000,1.983049673,1.963202981,2.002896364,5,15
1608.00000000,1.982907247,1.963031244,2.002783249,5,15
1614.00000000,1.982759817,1.962858008,2.002661626,5,15
1620.00000000,1.982620175,1.96269095,2.0025494,5,15
1626.00000000,1.982488457,1.962530587,2.002446328,5,15
1632.00000000,1.982355965,1.962367942,2.002343988,5,15
1638.00000000,1.982232141,1.962213365,2.002250917,5,15
1644.00000000,1.982107397,1.962057088,2.002157706,5,15
1650.00000000,1.981986534,1.96190891,2.002064158,5,15
1656.00000000,1.981866311,1.961760755,2.001971868,5,15
1662.00000000,1.981748447,1.961617013,2.001879881,5,15
1668.00000000,1.981635756,1.961482621,2.001788891,5,15
1674.00000000,1.981524836,1.961353348,2.001696324,5,15
1680.00000000,1.981414831,1.961224744,2.001604919,5,15
1686.00000000,1.981310804,1.961109079,2.001512528,5,15
1692.00000000,1.981211741,1.961004494,2.001418988,5,15
1698.00000000,1.981118908,1.960903486,2.00133433,5,15
1704.00000000,1.981029323,1.960804236,2.001254411,5,15
1710.00000000,1.980942007,1.960710011,2.001174003,5,15
1716.00000000,1.980856304,1.960621026,2.001091582,5,15
1722.00000000,1.980772508,1.960534451,2.001010564,5,15
1728.00000000,1.98068852,1.960449217,2.000927823,5,15
1734.00000000,1.980607048,1.960366621,2.000847475,5,15
1740.00000000,1.980526105,1.960286345,2.000765865,5,15
1746.00000000,1.980445906,1.960205381,2.000686431,5,15
1752.00000000,1.980367796,1.960128831,2.000606761,5,15
1758.00000000,1.980291771,1.960054338,2.000529204,5,15
1764.00000000,1.980216936,1.95998263,2.000451242,5,15
1770.00000000,1.980144099,1.959913486,2.000374712,5,15
1776.00000000,1.980072997,1.959845921,2.000300072,5,15
1782.00000000,1.98000401,1.959779474,2.000228547,5,15
1788.00000000,1.979936626,1.959713454,2.000159798,5,15
1794.00000000,1.979870282,1.959648525,2.00009204,5,15
1800.00000000,1.979805492,1.959584879,2.000026105,5,15
